{
  "alias" : "Schrauben.002_Mesh.015_",
  "vertices" : [-1.363424,0.413571,-0.135992,-1.357178,0.416918,-0.14681,-1.352606,0.407773,-0.15473,-1.35428,0.395281,-0.151831,-1.360526,0.391934,-0.141013,-1.365098,0.401079,-0.133093,-1.338791,0.401079,-0.117905,-1.334219,0.391934,-0.125825,-1.327973,0.395281,-0.136643,-1.3263,0.407773,-0.139542,-1.330872,0.416918,-0.131622,-1.337118,0.413571,-0.120804,-1.291695,0.413571,-0.199478,-1.285449,0.416918,-0.210296,-1.280877,0.407773,-0.218216,-1.282551,0.395281,-0.215317,-1.288797,0.391934,-0.204499,-1.293369,0.401079,-0.196579,-1.319675,0.401079,-0.211767,-1.315103,0.391934,-0.219687,-1.308857,0.395281,-0.230505,-1.307184,0.407773,-0.233404,-1.311756,0.416918,-0.225484,-1.318002,0.413571,-0.214666,-1.30373,0.499476,-0.239385,-1.297484,0.502823,-0.250204,-1.292912,0.493678,-0.258123,-1.294585,0.481186,-0.255225,-1.300831,0.477839,-0.244406,-1.305404,0.486984,-0.236487,-1.279097,0.486984,-0.221299,-1.274525,0.477839,-0.229218,-1.268279,0.481186,-0.240037,-1.266605,0.493678,-0.242935,-1.271178,0.502823,-0.235016,-1.277424,0.499476,-0.224197,-1.31398,0.551841,-0.160879,-1.307734,0.555188,-0.171698,-1.303162,0.546043,-0.179617,-1.304836,0.533551,-0.176718,-1.311082,0.530204,-0.1659,-1.315654,0.539349,-0.15798,-1.34196,0.539349,-0.173168,-1.337388,0.530204,-0.181088,-1.331142,0.533551,-0.191906,-1.329468,0.546043,-0.194805,-1.334041,0.555188,-0.186886,-1.340287,0.551841,-0.176067,-1.377502,0.499476,-0.111608,-1.371256,0.502823,-0.122426,-1.366684,0.493678,-0.130346,-1.368358,0.481186,-0.127447,-1.374604,0.477839,-0.116629,-1.379176,0.486984,-0.108709,-1.352869,0.486984,-0.093521,-1.348297,0.477839,-0.101441,-1.342051,0.481186,-0.112259,-1.340377,0.493678,-0.115158,-1.34495,0.502823,-0.107238,-1.351196,0.499476,-0.09642],
  "indices" : [0,5,6,0,6,11,4,5,6,4,6,7,3,4,7,3,7,8,2,3,8,2,8,9,2,1,10,2,10,9,1,0,11,1,11,10,0,1,2,0,2,3,5,0,3,5,3,4,18,23,20,18,20,19,23,22,21,23,21,20,22,23,12,22,12,13,21,22,13,21,13,14,21,20,15,21,15,14,20,19,16,20,16,15,19,18,17,19,17,16,23,18,17,23,17,12,24,29,30,24,30,35,28,29,30,28,30,31,27,28,31,27,31,32,26,27,32,26,32,33,26,25,34,26,34,33,25,24,35,25,35,34,24,25,26,24,26,27,29,24,27,29,27,28,42,47,44,42,44,43,47,46,45,47,45,44,46,47,36,46,36,37,45,46,37,45,37,38,45,44,39,45,39,38,44,43,40,44,40,39,43,42,41,43,41,40,47,42,41,47,41,36,48,53,54,48,54,59,52,53,54,52,54,55,51,52,55,51,55,56,50,51,56,50,56,57,50,49,58,50,58,57,49,48,59,49,59,58,48,49,50,48,50,51,53,48,51,53,51,52],
  "Ka" : [0.01333,0.01333,0.01333],
  "d" : 1.00000,
  "Kd" : [0.80000,0.80000,0.80000],
  "illum" : 2,
  "Ks" : [0.80000,0.80000,0.80000],
  "Ns" : 0.00000
}