{
  "alias" : "Schrauben_Mesh.026_",
  "vertices" : [1.357159,0.520429,-0.054585,1.350913,0.517082,-0.043766,1.346341,0.526227,-0.035847,1.348014,0.538719,-0.038745,1.35426,0.542066,-0.049564,1.358832,0.532921,-0.057483,1.332526,0.532921,-0.072671,1.327954,0.542066,-0.064752,1.321708,0.538719,-0.053933,1.320034,0.526227,-0.051035,1.324607,0.517082,-0.058954,1.330853,0.520429,-0.069773,1.28543,0.520429,0.008902,1.279184,0.517082,0.01972,1.274612,0.526227,0.02764,1.276285,0.538719,0.024741,1.282531,0.542066,0.013923,1.287104,0.532921,0.006003,1.31341,0.532921,0.021191,1.308838,0.542066,0.02911,1.302592,0.538719,0.039929,1.300918,0.526227,0.042828,1.30549,0.517082,0.034908,1.311736,0.520429,0.02409,1.297465,0.434524,0.048809,1.291219,0.431177,0.059627,1.286646,0.440322,0.067547,1.28832,0.452814,0.064648,1.294566,0.456161,0.05383,1.299138,0.447016,0.04591,1.272832,0.447016,0.030722,1.26826,0.456161,0.038642,1.262014,0.452814,0.04946,1.26034,0.440322,0.052359,1.264912,0.431177,0.044439,1.271158,0.434524,0.033621,1.307715,0.382159,-0.029697,1.301469,0.378812,-0.018879,1.296897,0.387957,-0.010959,1.29857,0.400449,-0.013858,1.304816,0.403796,-0.024676,1.309389,0.394651,-0.032596,1.335695,0.394651,-0.017408,1.331123,0.403796,-0.009488,1.324877,0.400449,0.00133,1.323203,0.387957,0.004229,1.327775,0.378812,-0.003691,1.334021,0.382159,-0.014509,1.371237,0.434524,-0.078968,1.364991,0.431177,-0.06815,1.360419,0.440322,-0.06023,1.362092,0.452814,-0.063129,1.368338,0.456161,-0.073947,1.37291,0.447016,-0.081867,1.346604,0.447016,-0.097055,1.342032,0.456161,-0.089135,1.335786,0.452814,-0.078317,1.334112,0.440322,-0.075418,1.338684,0.431177,-0.083338,1.34493,0.434524,-0.094156],
  "indices" : [0,5,6,0,6,11,4,5,6,4,6,7,3,4,7,3,7,8,2,3,8,2,8,9,2,1,10,2,10,9,1,0,11,1,11,10,0,1,2,0,2,3,5,0,3,5,3,4,18,23,20,18,20,19,23,22,21,23,21,20,22,23,12,22,12,13,21,22,13,21,13,14,21,20,15,21,15,14,20,19,16,20,16,15,19,18,17,19,17,16,23,18,17,23,17,12,24,29,30,24,30,35,28,29,30,28,30,31,27,28,31,27,31,32,26,27,32,26,32,33,26,25,34,26,34,33,25,24,35,25,35,34,24,25,26,24,26,27,29,24,27,29,27,28,42,47,44,42,44,43,47,46,45,47,45,44,46,47,36,46,36,37,45,46,37,45,37,38,45,44,39,45,39,38,44,43,40,44,40,39,43,42,41,43,41,40,47,42,41,47,41,36,48,53,54,48,54,59,52,53,54,52,54,55,51,52,55,51,55,56,50,51,56,50,56,57,50,49,58,50,58,57,49,48,59,49,59,58,48,49,50,48,50,51,53,48,51,53,51,52],
  "Ka" : [0.01333,0.01333,0.01333],
  "d" : 1.00000,
  "Kd" : [0.80000,0.80000,0.80000],
  "illum" : 2,
  "Ks" : [0.80000,0.80000,0.80000],
  "Ns" : 0.00000
}