{
  "alias" : "Schrauben.001_Mesh.006_",
  "vertices" : [1.347641,0.520429,-3.810463,1.347641,0.517082,-3.797971,1.347641,0.526227,-3.788827,1.347641,0.538719,-3.792174,1.347641,0.542066,-3.804666,1.347641,0.532921,-3.813811,1.315401,0.532921,-3.813811,1.315401,0.542066,-3.804666,1.315401,0.538719,-3.792174,1.315401,0.526227,-3.788827,1.315401,0.517082,-3.797971,1.315401,0.520429,-3.810463,1.315401,0.520429,-3.719618,1.315401,0.517082,-3.707126,1.315401,0.526227,-3.697981,1.315401,0.538719,-3.701329,1.315401,0.542066,-3.71382,1.315401,0.532921,-3.722965,1.347641,0.532921,-3.722965,1.347641,0.542066,-3.71382,1.347641,0.538719,-3.701329,1.347641,0.526227,-3.697981,1.347641,0.517082,-3.707126,1.347641,0.520429,-3.719618,1.347641,0.434524,-3.691075,1.347641,0.431177,-3.678583,1.347641,0.440322,-3.669438,1.347641,0.452814,-3.672785,1.347641,0.456161,-3.685277,1.347641,0.447016,-3.694422,1.315401,0.447016,-3.694422,1.315401,0.456161,-3.685277,1.315401,0.452814,-3.672785,1.315401,0.440322,-3.669438,1.315401,0.431177,-3.678583,1.315401,0.434524,-3.691075,1.315401,0.382159,-3.764188,1.315401,0.378812,-3.751696,1.315401,0.387957,-3.742552,1.315401,0.400449,-3.745899,1.315401,0.403796,-3.758391,1.315401,0.394651,-3.767535,1.347641,0.394651,-3.767535,1.347641,0.403796,-3.758391,1.347641,0.400449,-3.745899,1.347641,0.387957,-3.742552,1.347641,0.378812,-3.751696,1.347641,0.382159,-3.764188,1.347641,0.434524,-3.838619,1.347641,0.431177,-3.826127,1.347641,0.440322,-3.816983,1.347641,0.452814,-3.82033,1.347641,0.456161,-3.832822,1.347641,0.447016,-3.841966,1.315401,0.447016,-3.841966,1.315401,0.456161,-3.832822,1.315401,0.452814,-3.82033,1.315401,0.440322,-3.816983,1.315401,0.431177,-3.826127,1.315401,0.434524,-3.838619],
  "indices" : [0,5,6,0,6,11,4,5,6,4,6,7,3,4,7,3,7,8,2,3,8,2,8,9,2,1,10,2,10,9,1,0,11,1,11,10,0,1,2,0,2,3,5,0,3,5,3,4,18,23,20,18,20,19,23,22,21,23,21,20,22,23,12,22,12,13,21,22,13,21,13,14,21,20,15,21,15,14,20,19,16,20,16,15,19,18,17,19,17,16,23,18,17,23,17,12,24,29,30,24,30,35,28,29,30,28,30,31,27,28,31,27,31,32,26,27,32,26,32,33,26,25,34,26,34,33,25,24,35,25,35,34,24,25,26,24,26,27,29,24,27,29,27,28,42,47,44,42,44,43,47,46,45,47,45,44,46,47,36,46,36,37,45,46,37,45,37,38,45,44,39,45,39,38,44,43,40,44,40,39,43,42,41,43,41,40,47,42,41,47,41,36,48,53,54,48,54,59,52,53,54,52,54,55,51,52,55,51,55,56,50,51,56,50,56,57,50,49,58,50,58,57,49,48,59,49,59,58,48,49,50,48,50,51,53,48,51,53,51,52],
  "Ka" : [0.01333,0.01333,0.01333],
  "d" : 1.00000,
  "Kd" : [0.80000,0.80000,0.80000],
  "illum" : 2,
  "Ks" : [0.80000,0.80000,0.80000],
  "Ns" : 0.00000
}