{
  "vertices" : [0.0,6.0,-2.59787e-16,3.0,8.88178e-16,5.19574e-16,2.79742,8.88178e-16,-1.08372,2.21703,8.88178e-16,-2.02109,1.33722,4.44089e-16,-2.68549,0.276805,4.44089e-16,-2.9872,-0.820989,4.44089e-16,-2.88548,-1.8079,8.88178e-16,-2.39405,-2.55065,8.88178e-16,-1.5793,-2.94892,8.88178e-16,-0.551249,-2.94892,8.88178e-16,0.551249,-2.55065,8.88178e-16,1.5793,-1.8079,8.88178e-16,2.39405,-0.820989,1.33227e-15,2.88548,0.276805,1.33227e-15,2.9872,1.33722,1.33227e-15,2.68549,2.21703,8.88178e-16,2.02109,2.79742,8.88178e-16,1.08372,3.0,8.88178e-16,-2.46124e-09],
  "indices" : [0,1,2,0,2,3,0,3,4,0,4,5,0,5,6,0,6,7,0,7,8,0,8,9,0,9,10,0,10,11,0,11,12,0,12,13,0,13,14,0,14,15,0,15,16,0,16,17,0,17,18],
  "diffuse" : [1.0,0.664,0.0,1.0]
}