{
  "vertices": [
    -3.0,
    5.0,
    -4.32978e-16,
    2.0,
    -5.0,
    8.65956e-16,
    1.89074,
    -5.0,
    -1.03956,
    1.56773,
    -5.0,
    -2.03368,
    1.04508,
    -5.0,
    -2.93893,
    0.345653,
    -5.0,
    -3.71572,
    -0.5,
    -5.0,
    -4.33013,
    -1.45492,
    -5.0,
    -4.75528,
    -2.47736,
    -5.0,
    -4.97261,
    -3.52264,
    -5.0,
    -4.97261,
    -4.54508,
    -5.0,
    -4.75528,
    -5.5,
    -5.0,
    -4.33013,
    -6.34565,
    -5.0,
    -3.71572,
    -7.04508,
    -5.0,
    -2.93893,
    -7.56773,
    -5.0,
    -2.03368,
    -7.89074,
    -5.0,
    -1.03956,
    -8.0,
    -5.0,
    2.05103e-09,
    -7.89074,
    -5.0,
    1.03956,
    -7.56773,
    -5.0,
    2.03368,
    -7.04508,
    -5.0,
    2.93893,
    -6.34565,
    -5.0,
    3.71572,
    -5.5,
    -5.0,
    4.33013,
    -4.54508,
    -5.0,
    4.75528,
    -3.52264,
    -5.0,
    4.97261,
    -2.47736,
    -5.0,
    4.97261,
    -1.45492,
    -5.0,
    4.75528,
    -0.5,
    -5.0,
    4.33013,
    0.345653,
    -5.0,
    3.71572,
    1.04508,
    -5.0,
    2.93893,
    1.56773,
    -5.0,
    2.03368,
    1.89074,
    -5.0,
    1.03956,
    2.0,
    -5.0,
    -4.10207e-09
  ],
  "indices": [
    0,
    1,
    2,
    0,
    2,
    3,
    0,
    3,
    4,
    0,
    4,
    5,
    0,
    5,
    6,
    0,
    6,
    7,
    0,
    7,
    8,
    0,
    8,
    9,
    0,
    9,
    10,
    0,
    10,
    11,
    0,
    11,
    12,
    0,
    12,
    13,
    0,
    13,
    14,
    0,
    14,
    15,
    0,
    15,
    16,
    0,
    16,
    17,
    0,
    17,
    18,
    0,
    18,
    19,
    0,
    19,
    20,
    0,
    20,
    21,
    0,
    21,
    22,
    0,
    22,
    23,
    0,
    23,
    24,
    0,
    24,
    25,
    0,
    25,
    26,
    0,
    26,
    27,
    0,
    27,
    28,
    0,
    28,
    29,
    0,
    29,
    30,
    0,
    30,
    31
  ],
  "ambient": [
    0.1,
    0.1,
    0.1,
    1.0
  ],
  "diffuse": [
    0.8,
    0.1,
    0.5,
    1.0
  ],
  "specular": [
    0.2,
    0.2,
    0.2,
    1.0
  ]
}