{
  "vertices" : [0.17101,0.0,0.469846,0.13835,0.100517,0.469846,0.0,0.0,0.5,0.052845,0.16264,0.469846,-0.052845,0.16264,0.469846,-0.13835,0.100517,0.469846,-0.17101,-1.49502e-08,0.469846,-0.13835,-0.100517,0.469846,-0.052845,-0.16264,0.469846,0.052845,-0.16264,0.469846,0.13835,-0.100517,0.469846,0.17101,0.0,-0.469846,0.0,0.0,-0.5,0.13835,0.100517,-0.469846,0.052845,0.16264,-0.469846,-0.052845,0.16264,-0.469846,-0.13835,0.100517,-0.469846,-0.17101,-1.49502e-08,-0.469846,-0.13835,-0.100517,-0.469846,-0.052845,-0.16264,-0.469846,0.052845,-0.16264,-0.469846,0.13835,-0.100517,-0.469846,0.321394,0.0,0.383022,0.260013,0.188911,0.383022,0.433013,0.0,0.25,0.350315,0.254518,0.25,0.492404,0.0,0.0868241,0.398363,0.289428,0.0868241,0.492404,0.0,-0.0868241,0.398363,0.289428,-0.0868241,0.433013,0.0,-0.25,0.350315,0.254518,-0.25,0.321394,0.0,-0.383022,0.260013,0.188911,-0.383022,0.0993161,0.305664,0.383022,0.133808,0.41182,0.25,0.152161,0.468304,0.0868241,0.152161,0.468304,-0.0868241,0.133808,0.41182,-0.25,0.0993161,0.305664,-0.383022,-0.0993162,0.305664,0.383022,-0.133808,0.41182,0.25,-0.152161,0.468304,0.0868241,-0.152161,0.468304,-0.0868241,-0.133808,0.41182,-0.25,-0.0993162,0.305664,-0.383022,-0.260013,0.188911,0.383022,-0.350315,0.254518,0.25,-0.398363,0.289428,0.0868241,-0.398363,0.289428,-0.0868241,-0.350315,0.254518,-0.25,-0.260013,0.18891,-0.383022,-0.321394,-2.80971e-08,0.383022,-0.433013,-3.78552e-08,0.25,-0.492404,-4.30473e-08,0.0868241,-0.492404,-4.30473e-08,-0.0868241,-0.433013,-3.78552e-08,-0.25,-0.321394,-2.80971e-08,-0.383022,-0.260013,-0.188911,0.383022,-0.350315,-0.254519,0.25,-0.398363,-0.289428,0.0868241,-0.398363,-0.289428,-0.0868241,-0.350315,-0.254519,-0.25,-0.260013,-0.188911,-0.383022,-0.0993161,-0.305664,0.383022,-0.133808,-0.41182,0.25,-0.152161,-0.468304,0.0868241,-0.152161,-0.468304,-0.0868241,-0.133808,-0.41182,-0.25,-0.0993161,-0.305664,-0.383022,0.0993162,-0.305664,0.383022,0.133808,-0.41182,0.25,0.152161,-0.468304,0.0868241,0.152161,-0.468304,-0.0868241,0.133808,-0.41182,-0.25,0.0993162,-0.305664,-0.383022,0.260013,-0.18891,0.383022,0.350315,-0.254518,0.25,0.398363,-0.289428,0.0868241,0.398363,-0.289428,-0.0868241,0.350315,-0.254518,-0.25,0.260013,-0.18891,-0.383022],
  "indices" : [0,1,2,1,3,2,3,4,2,4,5,2,5,6,2,6,7,2,7,8,2,8,9,2,9,10,2,10,0,2,11,12,13,13,12,14,14,12,15,15,12,16,16,12,17,17,12,18,18,12,19,19,12,20,20,12,21,21,12,11,0,22,23,0,23,1,22,24,25,22,25,23,24,26,27,24,27,25,26,28,29,26,29,27,28,30,31,28,31,29,30,32,33,30,33,31,32,11,13,32,13,33,1,23,34,1,34,3,23,25,35,23,35,34,25,27,36,25,36,35,27,29,37,27,37,36,29,31,38,29,38,37,31,33,39,31,39,38,33,13,14,33,14,39,3,34,40,3,40,4,34,35,41,34,41,40,35,36,42,35,42,41,36,37,43,36,43,42,37,38,44,37,44,43,38,39,45,38,45,44,39,14,15,39,15,45,4,40,46,4,46,5,40,41,47,40,47,46,41,42,48,41,48,47,42,43,49,42,49,48,43,44,50,43,50,49,44,45,51,44,51,50,45,15,16,45,16,51,5,46,52,5,52,6,46,47,53,46,53,52,47,48,54,47,54,53,48,49,55,48,55,54,49,50,56,49,56,55,50,51,57,50,57,56,51,16,17,51,17,57,6,52,58,6,58,7,52,53,59,52,59,58,53,54,60,53,60,59,54,55,61,54,61,60,55,56,62,55,62,61,56,57,63,56,63,62,57,17,18,57,18,63,7,58,64,7,64,8,58,59,65,58,65,64,59,60,66,59,66,65,60,61,67,60,67,66,61,62,68,61,68,67,62,63,69,62,69,68,63,18,19,63,19,69,8,64,70,8,70,9,64,65,71,64,71,70,65,66,72,65,72,71,66,67,73,66,73,72,67,68,74,67,74,73,68,69,75,68,75,74,69,19,20,69,20,75,9,70,76,9,76,10,70,71,77,70,77,76,71,72,78,71,78,77,72,73,79,72,79,78,73,74,80,73,80,79,74,75,81,74,81,80,75,20,21,75,21,81,10,76,22,10,22,0,76,77,24,76,24,22,77,78,26,77,26,24,78,79,28,78,28,26,79,80,30,79,30,28,80,81,32,80,32,30,81,21,11,81,11,32],
  "ambient"  : [1, 1, 1, 1],
  "diffuse"  : [1, 1, 1, 1],
  "specular" : [1, 1, 1, 1]
}