{
  "alias" : "Front_Glass.004_Plane.076_Light_blink",
  "vertices" : [-1.232851,1.176889,0.903139,-1.206976,1.176416,0.885698,-1.294791,1.17754,0.930815,-1.39595,1.179178,0.928794,-1.364111,1.178451,0.935778,-1.214481,1.176541,0.890853,-1.260238,1.177282,0.917984,-1.387663,1.178993,0.930601,-1.331189,1.177863,0.937968,-1.365394,1.173083,0.937887,-1.397537,1.17381,0.930719,-1.362828,1.183819,0.933668,-1.394364,1.184546,0.926869,-1.204408,1.170716,0.886076,-1.23136,1.171189,0.903056,-1.209545,1.182116,0.885319,-1.234343,1.182589,0.903222,-1.396606,1.179185,0.928672,-1.204905,1.176403,0.884108,-1.295201,1.171993,0.93177,-1.294382,1.183087,0.929859,-1.389172,1.173625,0.932573,-1.386153,1.184361,0.928629,-1.212056,1.170854,0.891034,-1.216905,1.182228,0.890671,-1.203622,1.172118,0.884871,-1.207224,1.180694,0.884141,-1.259886,1.171608,0.918011,-1.26059,1.182956,0.917957,-1.330275,1.183276,0.936055,-1.332104,1.17245,0.939881,-1.397633,1.175158,0.930145,-1.39525,1.183209,0.92726],
  "indices" : [0,14,23,0,23,5,0,5,24,0,24,16,0,16,28,0,28,6,0,6,27,0,27,14,1,5,23,1,23,13,1,13,25,1,25,18,1,18,26,1,26,15,1,15,24,1,24,5,2,6,28,2,28,20,2,20,29,2,29,8,2,8,30,2,30,19,2,19,27,2,27,6,3,10,21,3,21,7,3,7,22,3,22,12,3,12,32,3,32,17,3,17,31,3,31,10,4,11,22,4,22,7,4,7,21,4,21,9,4,9,30,4,30,8,4,8,29,4,29,11],
  "Ni" : 1.00000,
  "Ka" : [0.00310,0.00310,0.00310],
  "d" : 1.00000,
  "Kd" : [0.52000,0.26000,0.00943],
  "illum" : 1,
  "Ks" : [0.00000,0.00000,0.00000],
  "Ns" : 96.07843
}