{
  "alias" : "Car_Unterboden_Plane.018_Plastic",
  "vertices" : [1.165887,0.20892,-1.481631,-1.178591,0.20892,-1.481631,1.163532,0.209027,-1.438742,-1.176236,0.209027,-1.438742,1.167492,0.209091,-1.488913,-1.180195,0.209091,-1.488913,1.159883,0.208994,-1.037978,-1.172586,0.208994,-1.037978,1.155704,0.209018,-0.93959,-1.168408,0.209018,-0.93959,1.152737,0.209166,-0.686814,-1.165441,0.209166,-0.686814,1.142503,0.20906,-0.444214,-1.155206,0.20906,-0.444214,1.111886,0.208912,0.957326,-1.124589,0.208912,0.957326,1.128307,0.209083,0.365345,-1.141011,0.209083,0.365345,1.115218,0.208989,1.006376,-1.127921,0.208989,1.006376,1.114585,0.209093,1.010487,-1.127289,0.209093,1.010487,1.10837,0.209093,1.010487,-1.121073,0.209093,1.010487,1.100019,0.209093,1.010487,-1.112722,0.209093,1.010487,1.162019,0.209091,-1.488913,-1.174723,0.209091,-1.488913,1.127378,0.209091,-1.488913,-1.140081,0.209091,-1.488913,-0.006352,0.209091,-1.488913,-0.006352,0.209091,-1.488913,-0.006352,0.209093,1.010487,-0.006352,0.209093,1.010487,-0.006352,0.209093,1.010487,-0.006352,0.208989,1.006376,-0.006352,0.209083,0.365345,-0.006352,0.208912,0.957326,-0.006352,0.20906,-0.444214,-0.006352,0.209166,-0.686814,-0.006352,0.209018,-0.93959,-0.006352,0.208994,-1.037978,-0.006352,0.209091,-1.488913,-0.006352,0.209027,-1.438742,-0.006352,0.20892,-1.481631],
  "indices" : [26,28,30,26,30,31,30,29,27,30,27,31,26,4,42,26,42,31,42,5,27,42,27,31,16,36,38,16,38,12,38,36,17,38,17,13,14,18,35,14,35,37,35,19,15,35,15,37,22,24,32,22,32,33,32,25,23,32,23,33,22,20,34,22,34,33,34,21,23,34,23,33,18,20,34,18,34,35,34,21,19,34,19,35,16,14,37,16,37,36,37,15,17,37,17,36,12,38,39,12,39,10,39,38,13,39,13,11,10,39,40,10,40,8,40,39,11,40,11,9,6,8,40,6,40,41,40,9,7,40,7,41,2,6,41,2,41,43,41,7,3,41,3,43,0,44,42,0,42,4,42,44,1,42,1,5,44,0,2,44,2,43,3,1,44,3,44,43],
  "Ni" : 1.00000,
  "Ka" : [0.00310,0.00310,0.00310],
  "d" : 1.00000,
  "Kd" : [0.15467,0.15467,0.15467],
  "illum" : 2,
  "Ks" : [0.17200,0.17200,0.17200],
  "Ns" : 43.13726
}