{
  "alias" : "Front_Glass.001_Plane.057_Light_blink",
  "vertices" : [1.341911,1.178451,0.95987,1.374238,1.179178,0.955688,1.273287,1.17754,0.948884,1.189739,1.176416,0.896285,1.213995,1.176889,0.915915,1.272963,1.183087,0.947897,1.273612,1.171993,0.949872,1.187814,1.176403,0.894521,1.374901,1.179185,0.955623,1.215474,1.182589,0.916128,1.192331,1.182116,0.896132,1.212517,1.171189,0.915702,1.187147,1.170716,0.896438,1.372825,1.184546,0.953632,1.340817,1.183819,0.957656,1.375651,1.17381,0.957743,1.343005,1.173083,0.962083,1.308923,1.177863,0.959182,1.365824,1.178993,0.956765,1.239984,1.177282,0.93309,1.196766,1.176541,0.902074,1.373674,1.183209,0.954099,1.375797,1.175158,0.957181,1.309668,1.17245,0.961168,1.30818,1.183276,0.957197,1.240337,1.182956,0.933094,1.239631,1.171608,0.933087,1.190122,1.180694,0.894756,1.186469,1.172118,0.895169,1.199197,1.182228,0.902104,1.194334,1.170854,0.902044,1.364493,1.184361,0.954669,1.367156,1.173625,0.958861],
  "indices" : [0,17,23,0,23,16,0,16,32,0,32,18,0,18,31,0,31,14,0,14,24,0,24,17,1,8,21,1,21,13,1,13,31,1,31,18,1,18,32,1,32,15,1,15,22,1,22,8,2,6,23,2,23,17,2,17,24,2,24,5,2,5,25,2,25,19,2,19,26,2,26,6,3,10,27,3,27,7,3,7,28,3,28,12,3,12,30,3,30,20,3,20,29,3,29,10,4,19,25,4,25,9,4,9,29,4,29,20,4,20,30,4,30,11,4,11,26,4,26,19],
  "Ni" : 1.00000,
  "Ka" : [0.00310,0.00310,0.00310],
  "d" : 1.00000,
  "Kd" : [0.52000,0.26000,0.00943],
  "illum" : 1,
  "Ks" : [0.00000,0.00000,0.00000],
  "Ns" : 96.07843
}