{
  "alias" : "parabrisas_parabrisas.001_vidrios",
  "vertices" : [-0.002303,1.196091,0.540637,-0.003249,1.376682,0.16524,-0.002724,1.297915,0.373406,-0.001579,0.996978,0.827993,-0.001767,1.049853,0.753464,0.243086,1.188425,0.53497,0.227129,1.290249,0.367778,0.212296,1.374387,0.164697,0.257688,1.042187,0.747762,0.26342,0.98271,0.816928,0.487765,1.175996,0.526358,0.455135,1.27782,0.359208,0.418092,1.364378,0.164179,0.513482,1.029758,0.739122,0.513659,0.973603,0.809543,0.745534,1.007199,0.722866,0.700373,1.15643,0.513079,0.66218,1.257911,0.343895,0.625175,1.343331,0.163658,0.745738,0.961079,0.804102,-0.003325,1.380249,0.135054,0.21222,1.377954,0.134511,0.418016,1.367945,0.133992,0.625099,1.351428,0.133471,-0.001098,0.969994,1.019226,0.263828,0.974242,0.978948,0.513947,0.974242,0.92382,0.745957,0.916388,0.890761,-0.247718,1.188424,0.536206,-0.232603,1.290249,0.368935,-0.218793,1.374387,0.165783,-0.261248,1.042187,0.749069,-0.266631,0.98271,0.818263,-0.492437,1.175996,0.528827,-0.460649,1.27782,0.361514,-0.424589,1.364378,0.166301,-0.517082,1.029758,0.741718,-0.516904,0.973603,0.812139,-0.749212,1.007199,0.72663,-0.705108,1.15643,0.516618,-0.667769,1.257911,0.347244,-0.631672,1.343331,0.166823,-0.749008,0.961079,0.807866,-0.218869,1.377954,0.135596,-0.424665,1.367945,0.136115,-0.631748,1.351428,0.136636,-0.266223,0.974242,0.980282,-0.516617,0.974242,0.926416,-0.74879,0.916388,0.894525],
  "indices" : [5,0,4,5,4,8,0,5,6,0,6,2,7,1,2,7,2,6,8,4,3,8,3,9,10,5,8,10,8,13,11,6,5,11,5,10,12,7,6,12,6,11,13,8,9,13,9,14,16,10,13,16,13,15,17,11,10,17,10,16,18,12,11,18,11,17,15,13,14,15,14,19,7,21,20,7,20,1,12,22,21,12,21,7,18,23,22,18,22,12,3,24,25,3,25,9,9,25,26,9,26,14,14,26,27,14,27,19,4,0,28,4,28,31,0,2,29,0,29,28,30,29,2,30,2,1,31,32,3,31,3,4,33,36,31,33,31,28,34,33,28,34,28,29,35,34,29,35,29,30,36,37,32,36,32,31,39,38,36,39,36,33,40,39,33,40,33,34,41,40,34,41,34,35,38,42,37,38,37,36,30,1,20,30,20,43,35,30,43,35,43,44,41,35,44,41,44,45,3,32,46,3,46,24,32,37,47,32,47,46,37,42,48,37,48,47],
  "normals" : [0.050508,0.840449,0.539476,0.001343,0.840144,0.542314,0.001465,0.807123,0.59032,0.050508,0.840449,0.539476,0.001465,0.807123,0.59032,0.051119,0.802698,0.594165,0.001343,0.840144,0.542314,0.050508,0.840449,0.539476,0.046388,0.892819,0.448012,0.001343,0.840144,0.542314,0.046388,0.892819,0.448012,0.001099,0.895535,0.444929,0.035188,0.967864,0.248909,0.00061,0.969695,0.24424,0.001099,0.895535,0.444929,0.035188,0.967864,0.248909,0.001099,0.895535,0.444929,0.046388,0.892819,0.448012,0.051119,0.802698,0.594165,0.001465,0.807123,0.59032,0.000916,0.929411,0.368999,0.051119,0.802698,0.594165,0.000916,0.929411,0.368999,0.040803,0.931394,0.361644,0.088931,0.842219,0.531693,0.050508,0.840449,0.539476,0.051119,0.802698,0.594165,0.088931,0.842219,0.531693,0.051119,0.802698,0.594165,0.08005,0.811914,0.578204,0.084994,0.888882,0.450117,0.046388,0.892819,0.448012,0.050508,0.840449,0.539476,0.084994,0.888882,0.450117,0.050508,0.840449,0.539476,0.088931,0.842219,0.531693,0.073733,0.958861,0.274087,0.035188,0.967864,0.248909,0.046388,0.892819,0.448012,0.073733,0.958861,0.274087,0.046388,0.892819,0.448012,0.084994,0.888882,0.450117,0.08005,0.811914,0.578204,0.051119,0.802698,0.594165,0.040803,0.931394,0.361644,0.08005,0.811914,0.578204,0.040803,0.931394,0.361644,0.085421,0.923795,0.37318,0.114902,0.840205,0.529923,0.088931,0.842219,0.531693,0.08005,0.811914,0.578204,0.114902,0.840205,0.529923,0.08005,0.811914,0.578204,0.100955,0.824641,0.556566,0.110691,0.884854,0.452467,0.084994,0.888882,0.450117,0.088931,0.842219,0.531693,0.110691,0.884854,0.452467,0.088931,0.842219,0.531693,0.114902,0.840205,0.529923,0.098453,0.948027,0.302469,0.073733,0.958861,0.274087,0.084994,0.888882,0.450117,0.098453,0.948027,0.302469,0.084994,0.888882,0.450117,0.110691,0.884854,0.452467,0.100955,0.824641,0.556566,0.08005,0.811914,0.578204,0.085421,0.923795,0.37318,0.100955,0.824641,0.556566,0.085421,0.923795,0.37318,0.128544,0.91174,0.390118,0.035188,0.967864,0.248909,0.029664,0.992645,0.117191,0.000275,0.993072,0.117344,0.035188,0.967864,0.248909,0.000275,0.993072,0.117344,0.00061,0.969695,0.24424,0.073733,0.958861,0.274087,0.068789,0.985839,0.152837,0.029664,0.992645,0.117191,0.073733,0.958861,0.274087,0.029664,0.992645,0.117191,0.035188,0.967864,0.248909,0.098453,0.948027,0.302469,0.089145,0.977966,0.188696,0.068789,0.985839,0.152837,0.098453,0.948027,0.302469,0.068789,0.985839,0.152837,0.073733,0.958861,0.274087,0.000916,0.929411,0.368999,0.000244,0.994995,0.099826,0.025483,0.997314,0.068239,0.000916,0.929411,0.368999,0.025483,0.997314,0.068239,0.040803,0.931394,0.361644,0.040803,0.931394,0.361644,0.025483,0.997314,0.068239,0.085513,0.990204,0.110355,0.040803,0.931394,0.361644,0.085513,0.990204,0.110355,0.085421,0.923795,0.37318,0.085421,0.923795,0.37318,0.085513,0.990204,0.110355,0.16361,0.963713,0.210852,0.085421,0.923795,0.37318,0.16361,0.963713,0.210852,0.128544,0.91174,0.390118,0.001465,0.807123,0.59032,0.001343,0.840144,0.542314,-0.047792,0.840449,0.53975,0.001465,0.807123,0.59032,-0.047792,0.840449,0.53975,-0.048128,0.802698,0.594409,0.001343,0.840144,0.542314,0.001099,0.895535,0.444929,-0.04413,0.892819,0.448225,0.001343,0.840144,0.542314,-0.04413,0.892819,0.448225,-0.047792,0.840449,0.53975,-0.033937,0.967864,0.249092,-0.04413,0.892819,0.448225,0.001099,0.895535,0.444929,-0.033937,0.967864,0.249092,0.001099,0.895535,0.444929,0.00061,0.969695,0.24424,-0.048128,0.802698,0.594409,-0.039003,0.931394,0.361858,0.000916,0.929411,0.368999,-0.048128,0.802698,0.594409,0.000916,0.929411,0.368999,0.001465,0.807123,0.59032,-0.086245,0.842219,0.532121,-0.07712,0.811914,0.5786,-0.048128,0.802698,0.594409,-0.086245,0.842219,0.532121,-0.048128,0.802698,0.594409,-0.047792,0.840449,0.53975,-0.082736,0.888882,0.450545,-0.086245,0.842219,0.532121,-0.047792,0.840449,0.53975,-0.082736,0.888882,0.450545,-0.047792,0.840449,0.53975,-0.04413,0.892819,0.448225,-0.072359,0.958861,0.274453,-0.082736,0.888882,0.450545,-0.04413,0.892819,0.448225,-0.072359,0.958861,0.274453,-0.04413,0.892819,0.448225,-0.033937,0.967864,0.249092,-0.07712,0.811914,0.5786,-0.083529,0.923795,0.373608,-0.039003,0.931394,0.361858,-0.07712,0.811914,0.5786,-0.039003,0.931394,0.361858,-0.048128,0.802698,0.594409,-0.112247,0.840205,0.530503,-0.098148,0.824641,0.557054,-0.07712,0.811914,0.5786,-0.112247,0.840205,0.530503,-0.07712,0.811914,0.5786,-0.086245,0.842219,0.532121,-0.108432,0.884854,0.453017,-0.112247,0.840205,0.530503,-0.086245,0.842219,0.532121,-0.108432,0.884854,0.453017,-0.086245,0.842219,0.532121,-0.082736,0.888882,0.450545,-0.096927,0.948027,0.302957,-0.108432,0.884854,0.453017,-0.082736,0.888882,0.450545,-0.096927,0.948027,0.302957,-0.082736,0.888882,0.450545,-0.072359,0.958861,0.274453,-0.098148,0.824641,0.557054,-0.126591,0.91174,0.390759,-0.083529,0.923795,0.373608,-0.098148,0.824641,0.557054,-0.083529,0.923795,0.373608,-0.07712,0.811914,0.5786,-0.033937,0.967864,0.249092,0.00061,0.969695,0.24424,0.000275,0.993072,0.117344,-0.033937,0.967864,0.249092,0.000275,0.993072,0.117344,-0.029054,0.992645,0.117344,-0.072359,0.958861,0.274453,-0.033937,0.967864,0.249092,-0.029054,0.992645,0.117344,-0.072359,0.958861,0.274453,-0.029054,0.992645,0.117344,-0.068026,0.985839,0.153203,-0.096927,0.948027,0.302957,-0.072359,0.958861,0.274453,-0.068026,0.985839,0.153203,-0.096927,0.948027,0.302957,-0.068026,0.985839,0.153203,-0.088198,0.977966,0.189154,0.000916,0.929411,0.368999,-0.039003,0.931394,0.361858,-0.025147,0.997314,0.068361,0.000916,0.929411,0.368999,-0.025147,0.997314,0.068361,0.000244,0.994995,0.099826,-0.039003,0.931394,0.361858,-0.083529,0.923795,0.373608,-0.084964,0.990204,0.110782,-0.039003,0.931394,0.361858,-0.084964,0.990204,0.110782,-0.025147,0.997314,0.068361,-0.083529,0.923795,0.373608,-0.126591,0.91174,0.390759,-0.162572,0.963713,0.211676,-0.083529,0.923795,0.373608,-0.162572,0.963713,0.211676,-0.084964,0.990204,0.110782],
  "Ni" : 1.00000,
  "Ka" : [0.00000,0.00000,0.00000],
  "d" : 0.65966,
  "Kd" : [0.24000,0.24000,0.24000],