{
  "alias" : "chasis.011_chasis.010_negro",
  "vertices" : [0.900237,0.369512,2.11936,0.868997,0.435481,2.161131,0.900317,0.31075,2.119169,0.861725,0.31075,2.172328,0.861417,0.369512,2.17327,0.924976,0.31075,2.061348,0.903169,0.446934,2.112404,0.928133,0.446934,2.053866,0.924879,0.369512,2.061533],
  "indices" : [0,4,1,0,1,6,0,2,3,0,3,4,2,0,8,2,8,5,0,6,7,0,7,8],
  "normals" : [-0.869594,-0.004059,-0.493728,-0.812037,-0.006653,-0.583544,-0.813868,-0.01767,-0.580767,-0.869594,-0.004059,-0.493728,-0.813868,-0.01767,-0.580767,-0.878842,-0.007874,-0.477004,-0.869594,-0.004059,-0.493728,-0.870663,0.001404,-0.491867,-0.810358,0.00296,-0.585894,-0.869594,-0.004059,-0.493728,-0.810358,0.00296,-0.585894,-0.812037,-0.006653,-0.583544,-0.870663,0.001404,-0.491867,-0.869594,-0.004059,-0.493728,-0.919889,-0.000183,-0.392132,-0.870663,0.001404,-0.491867,-0.919889,-0.000183,-0.392132,-0.919889,-0.000122,-0.392132,-0.869594,-0.004059,-0.493728,-0.878842,-0.007874,-0.477004,-0.919889,-0.000275,-0.392132,-0.869594,-0.004059,-0.493728,-0.919889,-0.000275,-0.392132,-0.919889,-0.000183,-0.392132],
  "Ni" : 1.00000,
  "Ka" : [0.00000,0.00000,0.00000],
  "d" : 1.00000,
  "Kd" : [0.16444,0.16444,0.16444],
  "illum" : 2,
  "Ks" : [0.50000,0.50000,0.50000],
  "Ns" : 96.07843
}