{
  "alias" : "cajuela.001_cajuela.002_vidrios_luces_amarillas",
  "vertices" : [0.110966,1.0935,-2.19738,-0.003865,1.096054,-2.201606,0.137048,1.053818,-2.201748,-0.003875,1.05592,-2.20563,-0.144777,1.053818,-2.201038,-0.118673,1.0935,-2.196801,0.09776,1.093794,-2.197866,0.120842,1.05406,-2.202195,-0.10547,1.093794,-2.197354,-0.128574,1.05406,-2.201566,0.03001,1.095301,-2.200359,0.063885,1.094547,-2.199112,0.037697,1.0553,-2.204485,0.07927,1.05468,-2.20334,-0.037733,1.095301,-2.200188,-0.071602,1.094547,-2.198771,-0.045441,1.0553,-2.204276,-0.087007,1.05468,-2.202921],
  "indices" : [0,2,7,0,7,6,5,8,9,5,9,4,6,7,13,6,13,11,11,13,12,11,12,10,10,12,3,10,3,1,8,15,17,8,17,9,15,14,16,15,16,17,14,1,3,14,3,16],
  "normals" : [0.033753,0.129429,-0.990997,0.033753,0.129429,-0.990997,0.033723,0.127262,-0.991272,0.033753,0.129429,-0.990997,0.033723,0.127262,-0.991272,0.033692,0.125034,-0.991577,-0.038759,0.129429,-0.990814,-0.038697,0.125034,-0.991394,-0.038728,0.127262,-0.991089,-0.038759,0.129429,-0.990814,-0.038728,0.127262,-0.991089,-0.038759,0.129429,-0.990814,0.033692,0.125034,-0.991577,0.033723,0.127262,-0.991272,0.033601,0.119327,-0.992279,0.033692,0.125034,-0.991577,0.033601,0.119327,-0.992279,0.03357,0.117069,-0.992553,0.03357,0.117069,-0.992553,0.033601,0.119327,-0.992279,0.033479,0.1095,-0.993408,0.03357,0.117069,-0.992553,0.033479,0.1095,-0.993408,0.033448,0.10831,-0.99353,0.033448,0.10831,-0.99353,0.033479,0.1095,-0.993408,-0.002503,0.104343,-0.994507,0.033448,0.10831,-0.99353,-0.002503,0.104343,-0.994507,-0.002503,0.104343,-0.994507,-0.038697,0.125034,-0.991394,-0.038575,0.117069,-0.99237,-0.038606,0.119327,-0.992096,-0.038697,0.125034,-0.991394,-0.038606,0.119327,-0.992096,-0.038728,0.127262,-0.991089,-0.038575,0.117069,-0.99237,-0.038453,0.10831,-0.993347,-0.038484,0.1095,-0.993225,-0.038575,0.117069,-0.99237,-0.038484,0.1095,-0.993225,-0.038606,0.119327,-0.992096,-0.038453,0.10831,-0.993347,-0.002503,0.104343,-0.994507,-0.002503,0.104343,-0.994507,-0.038453,0.10831,-0.993347,-0.002503,0.104343,-0.994507,-0.038484,0.1095,-0.993225],
  "Ni" : 1.00000,
  "Ka" : [0.00000,0.00000,0.00000],
  "d" : 1.00000,
  "Kd" : [0.80000,0.47963,0.15965],
  "illum" : 2,
  "Ks" : [0.88655,0.88655,0.88655],
  "Ns" : 96.07843
}