{
  "alias" : "chasis.015_chasis.016_vidrios",
  "vertices" : [0.617931,1.336706,-0.663149,0.661697,1.291678,0.226937,0.618349,1.358581,-0.496971,0.619107,1.368107,-0.196375,0.649558,1.311648,0.169917,0.636534,1.337944,0.104178,0.650455,1.28876,-0.669453,0.684184,1.243376,0.335235,0.65323,1.282191,-0.497059,0.653987,1.272161,-0.196463,0.668041,1.252102,0.278225,0.654744,1.262131,0.104132,0.691731,1.200351,-0.653108,0.723431,1.154967,0.487384,0.694506,1.193781,-0.480714,0.695263,1.183752,-0.180119,0.69602,1.173722,0.120476,0.699991,1.163692,0.421064,0.742964,1.087269,-0.624453,0.756594,1.041885,0.638342,0.745739,1.0807,-0.452059,0.746496,1.07067,-0.151464,0.747253,1.060641,0.149132,0.74801,1.050611,0.449727,0.773937,1.011675,-0.608083,0.780425,0.966291,0.727614,0.777106,1.005106,-0.43569,0.777863,0.995076,-0.135094,0.778621,0.985047,0.165501,0.779378,0.975017,0.466097,0.772233,1.015407,-0.608983,0.779136,0.970023,0.722704,0.775381,1.008837,-0.43659,0.776138,0.998808,-0.135995,0.777652,0.978749,0.465196,0.776895,0.988778,0.164601],
  "indices" : [0,2,8,0,8,6,7,10,4,7,4,1,9,8,2,9,2,3,11,9,3,11,3,5,10,11,5,10,5,4,14,12,6,14,6,8,13,17,10,13,10,7,15,14,8,15,8,9,16,15,9,16,9,11,17,16,11,17,11,10,20,18,12,20,12,14,19,23,17,19,17,13,21,20,14,21,14,15,22,21,15,22,15,16,23,22,16,23,16,17,24,30,32,24,32,26,30,18,20,30,20,32,29,34,31,29,31,25,34,23,19,34,19,31,26,32,33,26,33,27,32,20,21,32,21,33,27,33,35,27,35,28,33,21,22,33,22,35,28,35,34,28,34,29,35,22,23,35,23,34],
  "normals" : [0.878079,0.477554,-0.029847,0.905209,0.424635,-0.01529,0.905179,0.42497,-0.00473,0.878079,0.477554,-0.029847,0.905179,0.42497,-0.00473,0.891873,0.451979,-0.014924,0.932737,-0.167577,-0.319163,0.983428,0.063784,-0.169591,0.979369,0.181799,-0.088076,0.932737,-0.167577,-0.319163,0.979369,0.181799,-0.088076,0.931639,-0.222724,-0.287118,0.924863,0.380261,0.003113,0.905179,0.42497,-0.00473,0.905209,0.424635,-0.01529,0.924863,0.380261,0.003113,0.905209,0.424635,-0.01529,0.941588,0.33665,-0.005493,0.945524,0.324656,-0.022828,0.924863,0.380261,0.003113,0.941588,0.33665,-0.005493,0.945524,0.324656,-0.022828,0.941588,0.33665,-0.005493,0.965361,0.258217,-0.036653,0.983428,0.063784,-0.169591,0.945524,0.324656,-0.022828,0.965361,0.258217,-0.036653,0.983428,0.063784,-0.169591,0.965361,0.258217,-0.036653,0.979369,0.181799,-0.088076,0.907956,0.418958,0.006409,0.908017,0.418867,0.001343,0.891873,0.451979,-0.014924,0.907956,0.418958,0.006409,0.891873,0.451979,-0.014924,0.905179,0.42497,-0.00473,0.968627,0.209693,-0.133213,0.976836,0.13422,-0.16654,0.983428,0.063784,-0.169591,0.968627,0.209693,-0.133213,0.983428,0.063784,-0.169591,0.932737,-0.167577,-0.319163,0.907468,0.419935,0.011719,0.907956,0.418958,0.006409,0.905179,0.42497,-0.00473,0.907468,0.419935,0.011719,0.905179,0.42497,-0.00473,0.924863,0.380261,0.003113,0.915738,0.401715,0.002106,0.907468,0.419935,0.011719,0.924863,0.380261,0.003113,0.915738,0.401715,0.002106,0.924863,0.380261,0.003113,0.945524,0.324656,-0.022828,0.976836,0.13422,-0.16654,0.915738,0.401715,0.002106,0.945524,0.324656,-0.022828,0.976836,0.13422,-0.16654,0.945524,0.324656,-0.022828,0.983428,0.063784,-0.169591,0.91757,0.397504,0.005402,0.917051,0.398724,0.0,0.908017,0.418867,0.001343,0.91757,0.397504,0.005402,0.908017,0.418867,0.001343,0.907956,0.418958,0.006409,0.946287,0.322184,-0.026734,0.938932,0.342936,-0.027802,0.976836,0.13422,-0.16654,0.946287,0.322184,-0.026734,0.976836,0.13422,-0.16654,0.968627,0.209693,-0.133213,0.916776,0.399213,0.010987,0.91757,0.397504,0.005402,0.907956,0.418958,0.006409,0.916776,0.399213,0.010987,0.907956,0.418958,0.006409,0.907468,0.419935,0.011719,0.918302,0.395703,0.009461,0.916776,0.399213,0.010987,0.907468,0.419935,0.011719,0.918302,0.395703,0.009461,0.907468,0.419935,0.011719,0.915738,0.401715,0.002106,0.938932,0.342936,-0.027802,0.918302,0.395703,0.009461,0.915738,0.401715,0.002106,0.938932,0.342936,-0.027802,0.915738,0.401715,0.002106,0.976836,0.13422,-0.16654,0.90875,0.41731,-0.000732,0.918577,0.395184,-0.001129,0.916257,0.400494,0.004944,0.90875,0.41731,-0.000732,0.916257,0.400494,0.004944,0.907468,0.419996,0.006531,0.918577,0.395184,-0.001129,0.917051,0.398724,0.0,0.91757,0.397504,0.005402,0.918577,0.395184,-0.001129,0.91757,0.397504,0.005402,0.916257,0.400494,0.004944,0.917417,0.397778,0.009735,0.924741,0.380535,0.005066,0.92877,0.370586,0.0047,0.917417,0.397778,0.009735,0.92877,0.370586,0.0047,0.924924,0.380016,0.00824,0.924741,0.380535,0.005066,0.938932,0.342936,-0.027802,0.946287,0.322184,-0.026734,0.924741,0.380535,0.005066,0.946287,0.322184,-0.026734,0.92877,0.370586,0.0047,0.907468,0.419996,0.006531,0.916257,0.400494,0.004944,0.91525,0.402661,0.011109,0.907468,0.419996,0.006531,0.91525,0.402661,0.011109,0.906522,0.421949,0.01178,0.916257,0.400494,0.004944,0.91757,0.397504,0.005402,0.916776,0.399213,0.010987,0.916257,0.400494,0.004944,0.916776,0.399213,0.010987,0.91525,0.402661,0.011109,0.906522,0.421949,0.01178,0.91525,0.402661,0.011109,0.91525,0.402661,0.011109,0.906522,0.421949,0.01178,0.91525,0.402661,0.011109,0.906522,0.421949,0.01178,0.91525,0.402661,0.011109,0.916776,0.399213,0.010987,0.918302,0.395703,0.009461,0.91525,0.402661,0.011109,0.918302,0.395703,0.009461,0.91525,0.402661,0.011109,0.906522,0.421949,0.01178,0.91525,0.402661,0.011109,0.924741,0.380535,0.005066,0.906522,0.421949,0.01178,0.924741,0.380535,0.005066,0.917417,0.397778,0.009735,0.91525,0.402661,0.011109,0.918302,0.395703,0.009461,0.938932,0.342936,-0.027802,0.91525,0.402661,0.011109,0.938932,0.342936,-0.027802,0.924741,0.380535,0.005066],
  "Ni" : 1.00000,
  "Ka" : [0.00000,0.00000,0.00000],
  "d" : 0.65966,
  "Kd" : [0.24000,0.24000,0.24000],
  "illum" : 2,
  "Ks" : [0.50000,0.50000,0.50000],
  "Ns" : 96.07843
}