{
  "alias" : "chasis.001_chasis.001_negro",
  "vertices" : [0.181707,0.381964,2.35508,0.008173,0.381577,2.361242,0.181722,0.285384,2.346215,0.008153,0.285668,2.352995,0.349089,0.381964,2.329582,0.458955,0.381964,2.306309,0.349155,0.285384,2.325866,0.459042,0.285384,2.303264,-0.165389,0.381964,2.355955,-0.165449,0.285384,2.34709,-0.332897,0.381964,2.3313,-0.442879,0.381964,2.30858,-0.332982,0.285384,2.327584,-0.442982,0.285384,2.305536],
  "indices" : [0,1,3,0,3,2,0,2,6,0,6,4,7,5,4,7,4,6,8,9,3,8,3,1,8,10,12,8,12,9,13,12,10,13,10,11],
  "normals" : [0.086123,-0.07654,0.993316,0.002503,-0.088534,0.996063,0.002503,-0.088534,0.996063,0.086123,-0.07654,0.993316,0.002503,-0.088534,0.996063,0.086612,-0.076418,0.993286,0.086123,-0.07654,0.993316,0.086612,-0.076418,0.993286,0.17008,-0.049165,0.984191,0.086123,-0.07654,0.993316,0.17008,-0.049165,0.984191,0.169744,-0.049287,0.984222,0.20423,-0.034059,0.978301,0.20423,-0.034059,0.978301,0.169744,-0.049287,0.984222,0.20423,-0.034059,0.978301,0.169744,-0.049287,0.984222,0.17008,-0.049165,0.984191,-0.081118,-0.07654,0.993744,-0.081606,-0.076418,0.993713,0.002503,-0.088534,0.996063,-0.081118,-0.07654,0.993744,0.002503,-0.088534,0.996063,0.002503,-0.088534,0.996063,-0.081118,-0.07654,0.993744,-0.1648,-0.049287,0.985076,-0.165105,-0.049165,0.985046,-0.081118,-0.07654,0.993744,-0.165105,-0.049165,0.985046,-0.081606,-0.076418,0.993713,-0.199286,-0.034059,0.979339,-0.165105,-0.049165,0.985046,-0.1648,-0.049287,0.985076,-0.199286,-0.034059,0.979339,-0.1648,-0.049287,0.985076,-0.199286,-0.034059,0.979339],
  "Ni" : 1.00000,
  "Ka" : [0.00000,0.00000,0.00000],
  "d" : 1.00000,
  "Kd" : [0.16444,0.16444,0.16444],
  "illum" : 2,
  "Ks" : [0.50000,0.50000,0.50000],
  "Ns" : 96.07843
}