{
  "alias" : "espejo_espejo_",
  "vertices" : [-0.853097,1.060432,0.361996,-0.853097,1.093515,0.361996,-0.89835,1.060432,0.357239,-0.89835,1.093515,0.35724,-0.943604,1.060432,0.352483,-0.943604,1.093515,0.352483,-0.853097,1.024303,0.361996,-0.89835,1.025173,0.357239,-0.943604,1.025173,0.352483,-0.853097,1.126598,0.361996,-0.89835,1.126598,0.35724,-0.943604,1.126598,0.352483,-0.81693,1.027349,0.365797,-0.807843,1.060432,0.366752,-0.807843,1.093515,0.366752,-0.817363,1.121376,0.365752,-0.977984,1.03598,0.348869,-0.988858,1.060432,0.347727,-0.988858,1.093515,0.347727,-0.97684,1.111636,0.34899,-0.990404,1.093813,0.347564,-0.990404,1.060166,0.347564,-0.806304,1.093813,0.366914,-0.806304,1.060166,0.366914,-0.978181,1.112243,0.348849,-0.944379,1.12746,0.352402,-0.898354,1.12746,0.357239,-0.852329,1.12746,0.362077,-0.815987,1.122149,0.365896,-0.979345,1.035298,0.348726,-0.944379,1.024307,0.352402,-0.898354,1.024307,0.357239,-0.852329,1.023422,0.362077,-0.815547,1.026519,0.365943],
  "indices" : [6,0,13,6,13,12,0,1,14,0,14,13,1,9,15,1,15,14,0,6,7,0,7,2,1,0,2,1,2,3,3,10,9,3,9,1,8,4,2,8,2,7,4,5,3,4,3,2,5,11,10,5,10,3,16,17,4,16,4,8,17,18,5,17,5,4,18,19,11,18,11,5,33,32,6,33,6,12,32,31,7,32,7,6,31,30,8,31,8,7,30,29,16,30,16,8,27,28,15,27,15,9,26,27,9,26,9,10,25,26,10,25,10,11,24,25,11,24,11,19,23,33,12,23,12,13,22,23,13,22,13,14,28,22,14,28,14,15,29,21,17,29,17,16,21,20,18,21,18,17,20,24,19,20,19,18],
  "normals" : [0.104531,0.0,-0.994522,0.104531,0.0,-0.994522,0.104531,0.0,-0.994522,0.104531,0.0,-0.994522,0.104531,0.0,-0.994522,0.104531,0.0,-0.994522,0.104531,0.0,-0.994522,0.104531,0.0,-0.994522,0.104531,0.0,-0.994522,0.104531,0.0,-0.994522,0.104531,0.0,-0.994522,0.104531,0.0,-0.994522,0.104531,1e-06,-0.994522,0.104531,1e-06,-0.994522,0.104531,1e-06,-0.994522,0.104531,1e-06,-0.994522,0.104531,1e-06,-0.994522,0.104531,1e-06,-0.994522,0.104531,0.0,-0.994522,0.104531,0.0,-0.994522,0.104531,0.0,-0.994522,0.104531,0.0,-0.994522,0.104531,0.0,-0.994522,0.104531,0.0,-0.994522,0.104531,1e-06,-0.994522,0.104531,1e-06,-0.994522,0.104531,1e-06,-0.994522,0.104531,1e-06,-0.994522,0.104531,1e-06,-0.994522,0.104531,1e-06,-0.994522,0.104531,0.0,-0.994522,0.104531,0.0,-0.994522,0.104531,0.0,-0.994522,0.104531,0.0,-0.994522,0.104531,0.0,-0.994522,0.104531,0.0,-0.994522,0.10453,0.0,-0.994522,0.10453,0.0,-0.994522,0.10453,0.0,-0.994522,0.10453,0.0,-0.994522,0.10453,0.0,-0.994522,0.10453,0.0,-0.994522,0.104531,0.0,-0.994522,0.104531,0.0,-0.994522,0.104531,0.0,-0.994522,0.104531,0.0,-0.994522,0.104531,0.0,-0.994522,0.104531,0.0,-0.994522,0.104531,0.0,-0.994522,0.104531,0.0,-0.994522,0.104531,0.0,-0.994522,0.104531,0.0,-0.994522,0.104531,0.0,-0.994522,0.104531,0.0,-0.994522,0.104531,0.0,-0.994522,0.104531,0.0,-0.994522,0.104531,0.0,-0.994522,0.104531,0.0,-0.994522,0.104531,0.0,-0.994522,0.104531,0.0,-0.994522,0.104531,0.0,-0.994522,0.104531,0.0,-0.994522,0.104531,0.0,-0.994522,0.104531,0.0,-0.994522,0.104531,0.0,-0.994522,0.104531,0.0,-0.994522,0.104531,0.0,-0.994522,0.104531,0.0,-0.994522,0.104531,0.0,-0.994522,0.104531,0.0,-0.994522,0.104531,0.0,-0.994522,0.104531,0.0,-0.994522,0.104532,-1.2e-05,-0.994522,0.104532,-1.2e-05,-0.994522,0.104532,-1.2e-05,-0.994522,0.104532,-1.2e-05,-0.994522,0.104532,-1.2e-05,-0.994522,0.104532,-1.2e-05,-0.994522,0.104531,2e-06,-0.994522,0.104531,2e-06,-0.994522,0.104531,2e-06,-0.994522,0.104531,2e-06,-0.994522,0.104531,2e-06,-0.994522,0.104531,2e-06,-0.994522,0.104531,7e-06,-0.994522,0.104531,7e-06,-0.994522,0.104531,7e-06,-0.994522,0.104531,7e-06,-0.994522,0.104531,7e-06,-0.994522,0.104531,7e-06,-0.994522,0.104532,3e-06,-0.994522,0.104532,3e-06,-0.994522,0.104532,3e-06,-0.994522,0.104532,3e-06,-0.994522,0.104532,3e-06,-0.994522,0.104532,3e-06,-0.994522,0.104531,-2e-06,-0.994522,0.104531,-2e-06,-0.994522,0.104531,-2e-06,-0.994522,0.104531,-2e-06,-0.994522,0.104531,-2e-06,-0.994522,0.104531,-2e-06,-0.994522,0.104531,2e-06,-0.994522,0.104531,2e-06,-0.994522,0.104531,2e-06,-0.994522,0.104531,2e-06,-0.994522,0.104531,2e-06,-0.994522,0.104531,2e-06,-0.994522,0.104531,-1e-05,-0.994522,0.104531,-1e-05,-0.994522,0.104531,-1e-05,-0.994522,0.104531,-1e-05,-0.994522,0.104531,-1e-05,-0.994522,0.104531,-1e-05,-0.994522,0.104532,-3e-06,-0.994521,0.104532,-3e-06,-0.994521,0.104532,-3e-06,-0.994521,0.104532,-3e-06,-0.994521,0.104532,-3e-06,-0.994521,0.104532,-3e-06,-0.994521,0.10454,-3e-06,-0.994521,0.10454,-3e-06,-0.994521,0.10454,-3e-06,-0.994521,0.10454,-3e-06,-0.994521,0.10454,-3e-06,-0.994521,0.10454,-3e-06,-0.994521,0.104537,-0.0,-0.994521,0.104537,-0.0,-0.994521,0.104537,-0.0,-0.994521,0.104537,-0.0,-0.994521,0.104537,-0.0,-0.994521,0.104537,-0.0,-0.994521,0.10453,0.0,-0.994522,0.10453,0.0,-0.994522,0.10453,0.0,-0.994522,0.10453,0.0,-0.994522,0.10453,0.0,-0.994522,0.10453,0.0,-0.994522,0.104536,2e-06,-0.994521,0.104536,2e-06,-0.994521,0.104536,2e-06,-0.994521,0.104536,2e-06,-0.994521,0.104536,2e-06,-0.994521,0.104536,2e-06,-0.994521,0.104533,1e-06,-0.994521,0.104533,1e-06,-0.994521,0.104533,1e-06,-0.994521,0.104533,1e-06,-0.994521,0.104533,1e-06,-0.994521,0.104533,1e-06,-0.994521,0.104526,3e-06,-0.994522,0.104526,3e-06,-0.994522,0.104526,3e-06,-0.994522,0.104526,3e-06,-0.994522,0.104526,3e-06,-0.994522,0.104526,3e-06,-0.994522],
  "Ka" : [0.00000,0.00000,0.00000],
  "d" : 1.00000,
  "Kd" : [0.80000,0.80000,0.80000],
  "illum" : 2,
  "Ks" : [0.80000,0.80000,0.80000],
  "Ns" : 0.00000
}