{
  "alias" : "Cube.014_Cube.014_negro",
  "vertices" : [0.507177,0.541728,2.107501,0.507301,0.541728,2.15679,-0.517096,0.541728,2.15937,-0.517219,0.541728,2.110081,0.507177,0.804304,2.107501,0.5073,0.804304,2.15679,-0.517096,0.804304,2.15937,-0.51722,0.804304,2.110081,0.302488,0.541728,2.183783,0.097676,0.541728,2.210776,-0.107204,0.541728,2.211292,-0.31215,0.541728,2.185331,0.302364,0.541728,2.134494,0.097551,0.541728,2.161488,-0.107328,0.541728,2.162004,-0.312274,0.541728,2.136042,0.302488,0.819997,2.183783,0.097675,0.819997,2.210776,-0.107204,0.819997,2.211292,-0.31215,0.819997,2.185331,0.302364,0.819997,2.134494,0.097552,0.819997,2.161488,-0.107328,0.819997,2.162004,-0.312274,0.819997,2.136042],
  "indices" : [0,4,5,0,5,1,2,6,7,2,7,3,12,0,1,12,1,8,8,9,13,8,13,12,9,10,14,9,14,13,10,11,15,10,15,14,11,2,3,11,3,15,4,20,16,4,16,5,20,21,17,20,17,16,21,22,18,21,18,17,22,23,19,22,19,18,23,7,6,23,6,19,5,16,8,5,8,1,16,17,9,16,9,8,17,18,10,17,10,9,18,19,11,18,11,10,19,6,2,19,2,11,0,12,20,0,20,4,12,13,21,12,21,20,13,14,22,13,22,21,14,15,23,14,23,22,15,3,7,15,7,23],
  "normals" : [0.540513,-0.570879,-0.617969,0.558153,0.547716,-0.623218,0.631886,0.558763,0.537065,0.540513,-0.570879,-0.617969,0.631886,0.558763,0.537065,0.610767,-0.584399,0.534196,-0.608081,-0.584399,0.537278,-0.62917,0.558763,0.540239,-0.561266,0.547716,-0.620411,-0.608081,-0.584399,0.537278,-0.561266,0.547716,-0.620411,-0.543596,-0.570879,-0.615253,-0.09238,-0.707083,-0.701041,0.540513,-0.570879,-0.617969,0.610767,-0.584399,0.534196,-0.09238,-0.707083,-0.701041,0.610767,-0.584399,0.534196,0.09238,-0.707083,0.701041,0.09238,-0.707083,0.701041,0.048097,-0.692923,0.719382,-0.046175,-0.721824,-0.690481,0.09238,-0.707083,0.701041,-0.046175,-0.721824,-0.690481,-0.09238,-0.707083,-0.701041,0.048097,-0.692923,0.719382,-0.044465,-0.692923,0.719626,0.042695,-0.721824,-0.690725,0.048097,-0.692923,0.719382,0.042695,-0.721824,-0.690725,-0.046175,-0.721824,-0.690481,-0.044465,-0.692923,0.719626,-0.088839,-0.707083,0.701498,0.088839,-0.707083,-0.701498,-0.044465,-0.692923,0.719626,0.088839,-0.707083,-0.701498,0.042695,-0.721824,-0.690725,-0.088839,-0.707083,0.701498,-0.608081,-0.584399,0.537278,-0.543596,-0.570879,-0.615253,-0.088839,-0.707083,0.701498,-0.543596,-0.570879,-0.615253,0.088839,-0.707083,-0.701498,0.558153,0.547716,-0.623218,-0.061861,0.716666,-0.694632,0.116123,0.713431,0.691031,0.558153,0.547716,-0.623218,0.116123,0.713431,0.691031,0.631886,0.558763,0.537065,-0.061861,0.716666,-0.694632,-0.046175,0.721824,-0.690481,0.048097,0.692923,0.719382,-0.061861,0.716666,-0.694632,0.048097,0.692923,0.719382,0.116123,0.713431,0.691031,-0.046175,0.721824,-0.690481,0.042695,0.721824,-0.690725,-0.044465,0.692923,0.719626,-0.046175,0.721824,-0.690481,-0.044465,0.692923,0.719626,0.048097,0.692923,0.719382,0.042695,0.721824,-0.690725,0.058382,0.716666,-0.694937,-0.112644,0.713431,0.69158,0.042695,0.721824,-0.690725,-0.112644,0.713431,0.69158,-0.044465,0.692923,0.719626,0.058382,0.716666,-0.694937,-0.561266,0.547716,-0.620411,-0.62917,0.558763,0.540239,0.058382,0.716666,-0.694937,-0.62917,0.558763,0.540239,-0.112644,0.713431,0.69158,0.631886,0.558763,0.537065,0.116123,0.713431,0.691031,0.09238,-0.707083,0.701041,0.631886,0.558763,0.537065,0.09238,-0.707083,0.701041,0.610767,-0.584399,0.534196,0.116123,0.713431,0.691031,0.048097,0.692923,0.719382,0.048097,-0.692923,0.719382,0.116123,0.713431,0.691031,0.048097,-0.692923,0.719382,0.09238,-0.707083,0.701041,0.048097,0.692923,0.719382,-0.044465,0.692923,0.719626,-0.044465,-0.692923,0.719626,0.048097,0.692923,0.719382,-0.044465,-0.692923,0.719626,0.048097,-0.692923,0.719382,-0.044465,0.692923,0.719626,-0.112644,0.713431,0.69158,-0.088839,-0.707083,0.701498,-0.044465,0.692923,0.719626,-0.088839,-0.707083,0.701498,-0.044465,-0.692923,0.719626,-0.112644,0.713431,0.69158,-0.62917,0.558763,0.540239,-0.608081,-0.584399,0.537278,-0.112644,0.713431,0.69158,-0.608081,-0.584399,0.537278,-0.088839,-0.707083,0.701498,0.540513,-0.570879,-0.617969,-0.09238,-0.707083,-0.701041,-0.061861,0.716666,-0.694632,0.540513,-0.570879,-0.617969,-0.061861,0.716666,-0.694632,0.558153,0.547716,-0.623218,-0.09238,-0.707083,-0.701041,-0.046175,-0.721824,-0.690481,-0.046175,0.721824,-0.690481,-0.09238,-0.707083,-0.701041,-0.046175,0.721824,-0.690481,-0.061861,0.716666,-0.694632,-0.046175,-0.721824,-0.690481,0.042695,-0.721824,-0.690725,0.042695,0.721824,-0.690725,-0.046175,-0.721824,-0.690481,0.042695,0.721824,-0.690725,-0.046175,0.721824,-0.690481,0.042695,-0.721824,-0.690725,0.088839,-0.707083,-0.701498,0.058382,0.716666,-0.694937,0.042695,-0.721824,-0.690725,0.058382,0.716666,-0.694937,0.042695,0.721824,-0.690725,0.088839,-0.707083,-0.701498,-0.543596,-0.570879,-0.615253,-0.561266,0.547716,-0.620411,0.088839,-0.707083,-0.701498,-0.561266,0.547716,-0.620411,0.058382,0.716666,-0.694937],
  "Ni" : 1.00000,
  "Ka" : [0.00000,0.00000,0.00000],
  "d" : 1.00000,
  "Kd" : [0.16444,0.16444,0.16444],
  "illum" : 2,
  "Ks" : [0.50000,0.50000,0.50000],
  "Ns" : 96.07843
}