{
  "alias" : "chasis.002_chasis.002_negro",
  "vertices" : [-0.886173,0.369512,2.12386,-0.854723,0.435481,2.165472,-0.886254,0.31075,2.123669,-0.847394,0.31075,2.176633,-0.847082,0.369512,2.177573,-0.911203,0.31075,2.065973,-0.88914,0.446934,2.116918,-0.914398,0.446934,2.058507,-0.911106,0.369512,2.066157],
  "indices" : [0,4,1,0,1,6,0,2,3,0,3,4,2,0,8,2,8,5,0,6,7,0,7,8],
  "normals" : [-0.867092,0.004059,0.498093,-0.809076,0.006653,0.587634,-0.810907,0.01767,0.584857,-0.867092,0.004059,0.498093,-0.810907,0.01767,0.584857,-0.876431,0.007874,0.481429,-0.867092,0.004059,0.498093,-0.86816,-0.001404,0.496231,-0.807398,-0.00296,0.589984,-0.867092,0.004059,0.498093,-0.807398,-0.00296,0.589984,-0.809076,0.006653,0.587634,-0.86816,-0.001404,0.496231,-0.867092,0.004059,0.498093,-0.917905,0.000183,0.396771,-0.86816,-0.001404,0.496231,-0.917905,0.000183,0.396771,-0.917905,0.000122,0.396771,-0.867092,0.004059,0.498093,-0.876431,0.007874,0.481429,-0.917905,0.000275,0.396771,-0.867092,0.004059,0.498093,-0.917905,0.000275,0.396771,-0.917905,0.000183,0.396771],
  "Ni" : 1.00000,
  "Ka" : [0.00000,0.00000,0.00000],
  "d" : 1.00000,
  "Kd" : [0.16444,0.16444,0.16444],
  "illum" : 2,
  "Ks" : [0.50000,0.50000,0.50000],
  "Ns" : 96.07843
}