{
  "alias" : "luz_direccional_f_luz_direccional_f_vidrios_luces_amarillas",
  "vertices" : [0.665778,0.501625,2.274959,0.671943,0.460123,2.292501,0.757244,0.501356,2.2148,0.76009,0.459854,2.232849,0.85341,0.501647,2.126812,0.894389,0.501866,2.047026,0.895896,0.460145,2.05977,0.852668,0.460145,2.145408,0.871434,0.460145,2.020992,0.869926,0.501866,2.008248,0.828206,0.460145,2.10663,0.828948,0.501647,2.088034,0.735627,0.459854,2.194071,0.732781,0.501356,2.176022,0.641316,0.501625,2.236181,0.647481,0.460123,2.253723,0.757414,0.498866,2.215883,0.853366,0.499157,2.127928,0.666148,0.499135,2.276012,0.894479,0.499363,2.047791,0.870017,0.499363,2.009013,0.641686,0.499135,2.237234,0.759835,0.46356,2.231237,0.852734,0.463851,2.143748,0.671393,0.463829,2.290935,0.895761,0.463871,2.058632,0.871299,0.463871,2.019854,0.646931,0.463829,2.252157,0.892954,0.501858,2.049819,0.894383,0.460145,2.062767,0.869921,0.460145,2.023989,0.868492,0.501858,2.011041,0.89304,0.499355,2.050596,0.894255,0.46387,2.061611,0.66898,0.501616,2.272854,0.675029,0.460114,2.290414,0.650566,0.460114,2.251636,0.644517,0.501616,2.234076,0.669343,0.499125,2.273907,0.674488,0.46382,2.288846],
  "indices" : [13,11,4,13,4,2,10,12,3,10,3,7,16,2,4,16,4,17,0,18,21,0,21,14,9,20,19,9,19,5,3,22,23,3,23,7,22,16,17,22,17,23,18,24,27,18,27,21,24,1,15,24,15,27,20,26,25,20,25,19,26,8,6,26,6,25,11,31,28,11,28,4,31,9,5,31,5,28,8,30,29,8,29,6,30,10,7,30,7,29,19,32,28,19,28,5,32,17,4,32,4,28,25,33,32,25,32,19,33,23,17,33,17,32,6,29,33,6,33,25,29,7,23,29,23,33,2,34,37,2,37,13,34,0,14,34,14,37,12,36,35,12,35,3,36,15,1,36,1,35,0,34,38,0,38,18,34,2,16,34,16,38,22,39,38,22,38,16,39,24,18,39,18,38,3,35,39,3,39,22,35,1,24,35,24,39],
  "normals" : [3.1e-05,-1.0,0.0,0.002197,-0.999969,-0.001373,-0.536088,-0.755058,-0.377422,3.1e-05,-1.0,0.0,-0.536088,-0.755058,-0.377422,-0.36668,-0.808557,-0.460158,-0.000763,0.999969,0.000488,-3.1e-05,1.0,3.1e-05,-0.51616,0.548936,-0.657399,-0.000763,0.999969,0.000488,-0.51616,0.548936,-0.657399,-0.643574,0.564989,-0.516251,-0.577776,-0.355205,-0.734825,-0.36668,-0.808557,-0.460158,-0.536088,-0.755058,-0.377422,-0.577776,-0.355205,-0.734825,-0.536088,-0.755058,-0.377422,-0.771935,-0.25483,-0.582354,0.238014,-0.699149,-0.674184,0.234016,-0.34846,-0.90762,0.841578,-0.099368,-0.530869,0.238014,-0.699149,-0.674184,0.841578,-0.099368,-0.530869,0.473251,-0.828791,-0.298532,-0.701804,-0.558061,0.442701,-0.838435,0.13126,0.528916,-0.998657,-0.022065,0.046419,-0.701804,-0.558061,0.442701,-0.998657,-0.022065,0.046419,-0.786004,-0.608478,0.109134,-0.51616,0.548936,-0.657399,-0.582995,-0.353954,-0.731284,-0.775323,-0.253273,-0.578509,-0.51616,0.548936,-0.657399,-0.775323,-0.253273,-0.578509,-0.643574,0.564989,-0.516251,-0.582995,-0.353954,-0.731284,-0.577776,-0.355205,-0.734825,-0.771935,-0.25483,-0.582354,-0.582995,-0.353954,-0.731284,-0.771935,-0.25483,-0.582354,-0.775323,-0.253273,-0.578509,0.234016,-0.34846,-0.90762,0.231269,-0.349071,-0.908078,0.841578,-0.099368,-0.530869,0.234016,-0.34846,-0.90762,0.841578,-0.099368,-0.530869,0.841578,-0.099368,-0.530869,0.231269,-0.349071,-0.908078,0.115452,0.432905,-0.893979,0.688986,0.579974,-0.434614,0.231269,-0.349071,-0.908078,0.688986,0.579974,-0.434614,0.841578,-0.099368,-0.530869,-0.838435,0.13126,0.528916,-0.838435,0.13126,0.528916,-0.998596,-0.021546,0.048097,-0.838435,0.13126,0.528916,-0.998596,-0.021546,0.048097,-0.998657,-0.022065,0.046419,-0.838435,0.13126,0.528916,-0.693716,0.572008,0.437605,-0.805444,0.591571,-0.035737,-0.838435,0.13126,0.528916,-0.805444,0.591571,-0.035737,-0.998596,-0.021546,0.048097,0.002197,-0.999969,-0.001373,0.00238,-0.999969,-0.001495,-0.570696,-0.766289,-0.295022,0.002197,-0.999969,-0.001373,-0.570696,-0.766289,-0.295022,-0.536088,-0.755058,-0.377422,0.00238,-0.999969,-0.001495,-0.701804,-0.558061,0.442701,-0.786004,-0.608478,0.109134,0.00238,-0.999969,-0.001495,-0.786004,-0.608478,0.109134,-0.570696,-0.766289,-0.295022,-0.693716,0.572008,0.437605,0.0,1.0,0.0,-0.68334,0.6433,-0.345195,-0.693716,0.572008,0.437605,-0.68334,0.6433,-0.345195,-0.805444,0.591571,-0.035737,0.0,1.0,0.0,-0.000763,0.999969,0.000488,-0.643574,0.564989,-0.516251,0.0,1.0,0.0,-0.643574,0.564989,-0.516251,-0.68334,0.6433,-0.345195,-0.998657,-0.022065,0.046419,-0.876766,-0.173162,-0.448592,-0.570696,-0.766289,-0.295022,-0.998657,-0.022065,0.046419,-0.570696,-0.766289,-0.295022,-0.786004,-0.608478,0.109134,-0.876766,-0.173162,-0.448592,-0.771935,-0.25483,-0.582354,-0.536088,-0.755058,-0.377422,-0.876766,-0.173162,-0.448592,-0.536088,-0.755058,-0.377422,-0.570696,-0.766289,-0.295022,-0.998596,-0.021546,0.048097,-0.878475,-0.172155,-0.445631,-0.876766,-0.173162,-0.448592,-0.998596,-0.021546,0.048097,-0.876766,-0.173162,-0.448592,-0.998657,-0.022065,0.046419,-0.878475,-0.172155,-0.445631,-0.775323,-0.253273,-0.578509,-0.771935,-0.25483,-0.582354,-0.878475,-0.172155,-0.445631,-0.771935,-0.25483,-0.582354,-0.876766,-0.173162,-0.448592,-0.805444,0.591571,-0.035737,-0.68334,0.6433,-0.345195,-0.878475,-0.172155,-0.445631,-0.805444,0.591571,-0.035737,-0.878475,-0.172155,-0.445631,-0.998596,-0.021546,0.048097,-0.68334,0.6433,-0.345195,-0.643574,0.564989,-0.516251,-0.775323,-0.253273,-0.578509,-0.68334,0.6433,-0.345195,-0.775323,-0.253273,-0.578509,-0.878475,-0.172155,-0.445631,-0.36668,-0.808557,-0.460158,-0.305094,-0.833979,-0.459731,-0.002075,-0.999969,0.001282,-0.36668,-0.808557,-0.460158,-0.002075,-0.999969,0.001282,3.1e-05,-1.0,0.0,-0.305094,-0.833979,-0.459731,0.238014,-0.699149,-0.674184,0.473251,-0.828791,-0.298532,-0.305094,-0.833979,-0.459731,0.473251,-0.828791,-0.298532,-0.002075,-0.999969,0.001282,-3.1e-05,1.0,3.1e-05,0.002136,0.999969,-0.001343,-0.465773,0.551958,-0.691641,-3.1e-05,1.0,3.1e-05,-0.465773,0.551958,-0.691641,-0.51616,0.548936,-0.657399,0.002136,0.999969,-0.001343,0.688986,0.579974,-0.434614,0.115452,0.432905,-0.893979,0.002136,0.999969,-0.001343,0.115452,0.432905,-0.893979,-0.465773,0.551958,-0.691641,0.238014,-0.699149,-0.674184,-0.305094,-0.833979,-0.459731,-0.509079,-0.391247,-0.766625,0.238014,-0.699149,-0.674184,-0.509079,-0.391247,-0.766625,0.234016,-0.34846,-0.90762,-0.305094,-0.833979,-0.459731,-0.36668,-0.808557,-0.460158,-0.577776,-0.355205,-0.734825,-0.305094,-0.833979,-0.459731,-0.577776,-0.355205,-0.734825,-0.509079,-0.391247,-0.766625,-0.582995,-0.353954,-0.731284,-0.513901,-0.390637,-0.763726,-0.509079,-0.391247,-0.766625,-0.582995,-0.353954,-0.731284,-0.509079,-0.391247,-0.766625,-0.577776,-0.355205,-0.734825,-0.513901,-0.390637,-0.763726,0.231269,-0.349071,-0.908078,0.234016,-0.34846,-0.90762,-0.513901,-0.390637,-0.763726,0.234016,-0.34846,-0.90762,-0.509079,-0.391247,-0.766625,-0.51616,0.548936,-0.657399,-0.465773,0.551958,-0.691641,-0.513901,-0.390637,-0.763726,-0.51616,0.548936,-0.657399,-0.513901,-0.390637,-0.763726,-0.582995,-0.353954,-0.731284,-0.465773,0.551958,-0.691641,0.115452,0.432905,-0.893979,0.231269,-0.349071,-0.908078,-0.465773,0.551958,-0.691641,0.231269,-0.349071,-0.908078,-0.513901,-0.390637,-0.763726],
  "Ni" : 1.00000,
  "Ka" : [0.00000,0.00000,0.00000],
  "d" : 1.00000,
  "Kd" : [0.80000,0.47963,0.15965],
  "illum" : 2,
  "Ks" : [0.88655,0.88655,0.88655],
  "Ns" : 96.07843
}