{
  "alias" : "espejo.001_espejo.001_espejos",
  "vertices" : [0.855637,1.060432,0.359353,0.855637,1.093515,0.359353,0.900629,1.060432,0.352552,0.900629,1.093515,0.352552,0.945621,1.060432,0.345751,0.945621,1.093515,0.345751,0.855637,1.024303,0.359353,0.900629,1.025173,0.352552,0.945621,1.025173,0.345751,0.855637,1.126598,0.359353,0.900629,1.126598,0.352552,0.945621,1.126598,0.345751,0.81968,1.027349,0.364788,0.810645,1.060432,0.366153,0.810645,1.093515,0.366153,0.82011,1.121376,0.364723,0.979802,1.03598,0.340585,0.990613,1.060432,0.338951,0.990613,1.093515,0.338951,0.978665,1.111636,0.340757,0.99215,1.093813,0.338718,0.99215,1.060166,0.338718,0.809116,1.093813,0.366385,0.809116,1.060166,0.366385,0.979998,1.112243,0.340555,0.946392,1.12746,0.345635,0.900633,1.12746,0.352551,0.854874,1.12746,0.359468,0.818742,1.122149,0.364929,0.981155,1.035298,0.34038,0.946392,1.024307,0.345635,0.900633,1.024307,0.352551,0.854874,1.023422,0.359468,0.818304,1.026519,0.364996],
  "indices" : [6,0,13,6,13,12,0,1,14,0,14,13,1,9,15,1,15,14,0,6,7,0,7,2,1,0,2,1,2,3,3,10,9,3,9,1,8,4,2,8,2,7,4,5,3,4,3,2,5,11,10,5,10,3,16,17,4,16,4,8,17,18,5,17,5,4,18,19,11,18,11,5,33,32,6,33,6,12,32,31,7,32,7,6,31,30,8,31,8,7,30,29,16,30,16,8,27,28,15,27,15,9,26,27,9,26,9,10,25,26,10,25,10,11,24,25,11,24,11,19,23,33,12,23,12,13,22,23,13,22,13,14,28,22,14,28,14,15,29,21,17,29,17,16,21,20,18,21,18,17,20,24,19,20,19,18],
  "normals" : [0.149456,0.0,0.988768,0.149456,0.0,0.988768,0.149456,0.0,0.988768,0.149456,0.0,0.988768,0.149456,0.0,0.988768,0.149456,0.0,0.988768,0.149456,0.0,0.988768,0.149456,0.0,0.988768,0.149456,0.0,0.988768,0.149456,0.0,0.988768,0.149456,0.0,0.988768,0.149456,0.0,0.988768,0.149456,0.0,0.988768,0.149456,0.0,0.988768,0.149456,0.0,0.988768,0.149456,0.0,0.988768,0.149456,0.0,0.988768,0.149456,0.0,0.988768,0.149456,0.0,0.988769,0.149456,0.0,0.988769,0.149456,0.0,0.988769,0.149456,0.0,0.988769,0.149456,0.0,0.988769,0.149456,0.0,0.988769,0.149456,0.0,0.988768,0.149456,0.0,0.988768,0.149456,0.0,0.988768,0.149456,0.0,0.988768,0.149456,0.0,0.988768,0.149456,0.0,0.988768,0.149456,0.0,0.988768,0.149456,0.0,0.988768,0.149456,0.0,0.988768,0.149456,0.0,0.988768,0.149456,0.0,0.988768,0.149456,0.0,0.988768,0.149456,0.0,0.988768,0.149456,0.0,0.988768,0.149456,0.0,0.988768,0.149456,0.0,0.988768,0.149456,0.0,0.988768,0.149456,0.0,0.988768,0.149456,0.0,0.988768,0.149456,0.0,0.988768,0.149456,0.0,0.988768,0.149456,0.0,0.988768,0.149456,0.0,0.988768,0.149456,0.0,0.988768,0.149456,0.0,0.988768,0.149456,0.0,0.988768,0.149456,0.0,0.988768,0.149456,0.0,0.988768,0.149456,0.0,0.988768,0.149456,0.0,0.988768,0.149455,0.0,0.988769,0.149455,0.0,0.988769,0.149455,0.0,0.988769,0.149455,0.0,0.988769,0.149455,0.0,0.988769,0.149455,0.0,0.988769,0.149456,0.0,0.988768,0.149456,0.0,0.988768,0.149456,0.0,0.988768,0.149456,0.0,0.988768,0.149456,0.0,0.988768,0.149456,0.0,0.988768,0.149456,0.0,0.988768,0.149456,0.0,0.988768,0.149456,0.0,0.988768,0.149456,0.0,0.988768,0.149456,0.0,0.988768,0.149456,0.0,0.988768,0.149455,-4e-06,0.988769,0.149455,-4e-06,0.988769,0.149455,-4e-06,0.988769,0.149455,-4e-06,0.988769,0.149455,-4e-06,0.988769,0.149455,-4e-06,0.988769,0.149455,5e-06,0.988769,0.149455,5e-06,0.988769,0.149455,5e-06,0.988769,0.149455,5e-06,0.988769,0.149455,5e-06,0.988769,0.149455,5e-06,0.988769,0.149456,8e-06,0.988769,0.149456,8e-06,0.988769,0.149456,8e-06,0.988769,0.149456,8e-06,0.988769,0.149456,8e-06,0.988769,0.149456,8e-06,0.988769,0.149459,-1.1e-05,0.988768,0.149459,-1.1e-05,0.988768,0.149459,-1.1e-05,0.988768,0.149459,-1.1e-05,0.988768,0.149459,-1.1e-05,0.988768,0.149459,-1.1e-05,0.988768,0.149456,2e-06,0.988768,0.149456,2e-06,0.988768,0.149456,2e-06,0.988768,0.149456,2e-06,0.988768,0.149456,2e-06,0.988768,0.149456,2e-06,0.988768,0.149456,1.7e-05,0.988768,0.149456,1.7e-05,0.988768,0.149456,1.7e-05,0.988768,0.149456,1.7e-05,0.988768,0.149456,1.7e-05,0.988768,0.149456,1.7e-05,0.988768,0.149456,9e-06,0.988768,0.149456,9e-06,0.988768,0.149456,9e-06,0.988768,0.149456,9e-06,0.988768,0.149456,9e-06,0.988768,0.149456,9e-06,0.988768,0.149456,2e-06,0.988768,0.149456,2e-06,0.988768,0.149456,2e-06,0.988768,0.149456,2e-06,0.988768,0.149456,2e-06,0.988768,0.149456,2e-06,0.988768,0.149454,-0.0,0.988769,0.149454,-0.0,0.988769,0.149454,-0.0,0.988769,0.149454,-0.0,0.988769,0.149454,-0.0,0.988769,0.149454,-0.0,0.988769,0.149456,0.0,0.988768,0.149456,0.0,0.988768,0.149456,0.0,0.988768,0.149456,0.0,0.988768,0.149456,0.0,0.988768,0.149456,0.0,0.988768,0.149459,-1e-06,0.988768,0.149459,-1e-06,0.988768,0.149459,-1e-06,0.988768,0.149459,-1e-06,0.988768,0.149459,-1e-06,0.988768,0.149459,-1e-06,0.988768,0.149464,-4e-06,0.988767,0.149464,-4e-06,0.988767,0.149464,-4e-06,0.988767,0.149464,-4e-06,0.988767,0.149464,-4e-06,0.988767,0.149464,-4e-06,0.988767,0.149448,0.0,0.988769,0.149448,0.0,0.988769,0.149448,0.0,0.988769,0.149448,0.0,0.988769,0.149448,0.0,0.988769,0.149448,0.0,0.988769,0.149449,-5e-06,0.988769,0.149449,-5e-06,0.988769,0.149449,-5e-06,0.988769,0.149449,-5e-06,0.988769,0.149449,-5e-06,0.988769,0.149449,-5e-06,0.988769],
  "Ni" : 1.00000,
  "Ka" : [0.00000,0.00000,0.00000],
  "d" : 1.00000,
  "Kd" : [0.64000,0.64000,0.64000],
  "illum" : 2,
  "Ks" : [0.50000,0.50000,0.50000],
  "Ns" : 96.07843
}