{
  "alias" : "chasis.005_chasis.005_vidrios",
  "vertices" : [-0.619781,1.336706,-0.660032,-0.659063,1.291678,0.230264,-0.619363,1.358581,-0.493854,-0.618605,1.368107,-0.193258,-0.647211,1.311648,0.173182,-0.634519,1.337944,0.107379,-0.652337,1.28876,-0.666172,-0.681005,1.243376,0.338673,-0.654243,1.282191,-0.493766,-0.653486,1.272161,-0.19317,-0.665148,1.252102,0.281582,-0.652729,1.262131,0.107425,-0.693529,1.200351,-0.64962,-0.719485,1.154967,0.491018,-0.695436,1.193781,-0.477214,-0.694679,1.183752,-0.176618,-0.693922,1.173722,0.123977,-0.696379,1.163692,0.42458,-0.744618,1.087269,-0.620707,-0.751887,1.041885,0.642141,-0.746524,1.0807,-0.448301,-0.745767,1.07067,-0.147705,-0.74501,1.060641,0.15289,-0.744253,1.050611,0.453486,-0.775507,1.011675,-0.60418,-0.775267,0.966291,0.731532,-0.777809,1.005106,-0.431774,-0.777052,0.995076,-0.131178,-0.776295,0.985047,0.169417,-0.775538,0.975017,0.470013,-0.773809,1.015407,-0.605089,-0.774003,0.970023,0.726615,-0.776088,1.008837,-0.432683,-0.775331,0.998808,-0.132087,-0.773817,0.978749,0.469104,-0.774574,0.988778,0.168508],
  "indices" : [0,6,8,0,8,2,7,1,4,7,4,10,9,3,2,9,2,8,11,5,3,11,3,9,10,4,5,10,5,11,14,8,6,14,6,12,13,7,10,13,10,17,15,9,8,15,8,14,16,11,9,16,9,15,17,10,11,17,11,16,20,14,12,20,12,18,19,13,17,19,17,23,21,15,14,21,14,20,22,16,15,22,15,21,23,17,16,23,16,22,24,26,32,24,32,30,30,32,20,30,20,18,29,25,31,29,31,34,34,31,19,34,19,23,26,27,33,26,33,32,32,33,21,32,21,20,27,28,35,27,35,33,33,35,22,33,22,21,28,29,34,28,34,35,35,34,23,35,23,22],
  "normals" : [-0.878201,0.477554,-0.025422,-0.891934,0.451979,-0.010437,-0.905179,0.42497,-0.000183,-0.878201,0.477554,-0.025422,-0.905179,0.42497,-0.000183,-0.905271,0.424635,-0.010712,-0.934324,-0.167577,-0.314463,-0.933042,-0.222724,-0.282418,-0.979797,0.181799,-0.083132,-0.934324,-0.167577,-0.314463,-0.979797,0.181799,-0.083132,-0.984283,0.063784,-0.164617,-0.924833,0.380261,0.007752,-0.941618,0.33665,-0.000732,-0.905271,0.424635,-0.010712,-0.924833,0.380261,0.007752,-0.905271,0.424635,-0.010712,-0.905179,0.42497,-0.000183,-0.945647,0.324656,-0.018067,-0.965545,0.258217,-0.03177,-0.941618,0.33665,-0.000732,-0.945647,0.324656,-0.018067,-0.941618,0.33665,-0.000732,-0.924833,0.380261,0.007752,-0.984283,0.063784,-0.164617,-0.979797,0.181799,-0.083132,-0.965545,0.258217,-0.03177,-0.984283,0.063784,-0.164617,-0.965545,0.258217,-0.03177,-0.945647,0.324656,-0.018067,-0.907926,0.418958,0.010956,-0.905179,0.42497,-0.000183,-0.891934,0.451979,-0.010437,-0.907926,0.418958,0.010956,-0.891934,0.451979,-0.010437,-0.907987,0.418867,0.005921,-0.969298,0.209693,-0.12833,-0.934324,-0.167577,-0.314463,-0.984283,0.063784,-0.164617,-0.969298,0.209693,-0.12833,-0.984283,0.063784,-0.164617,-0.97766,0.13422,-0.161596,-0.907376,0.419935,0.016297,-0.924833,0.380261,0.007752,-0.905179,0.42497,-0.000183,-0.907376,0.419935,0.016297,-0.905179,0.42497,-0.000183,-0.907926,0.418958,0.010956,-0.915708,0.401715,0.006714,-0.945647,0.324656,-0.018067,-0.924833,0.380261,0.007752,-0.915708,0.401715,0.006714,-0.924833,0.380261,0.007752,-0.907376,0.419935,0.016297,-0.97766,0.13422,-0.161596,-0.984283,0.063784,-0.164617,-0.945647,0.324656,-0.018067,-0.97766,0.13422,-0.161596,-0.945647,0.324656,-0.018067,-0.915708,0.401715,0.006714,-0.917539,0.397504,0.01001,-0.907926,0.418958,0.010956,-0.907987,0.418867,0.005921,-0.917539,0.397504,0.01001,-0.907987,0.418867,0.005921,-0.917051,0.398724,0.004608,-0.94641,0.322184,-0.021943,-0.969298,0.209693,-0.12833,-0.97766,0.13422,-0.161596,-0.94641,0.322184,-0.021943,-0.97766,0.13422,-0.161596,-0.939055,0.342936,-0.023072,-0.916715,0.399213,0.015625,-0.907376,0.419935,0.016297,-0.907926,0.418958,0.010956,-0.916715,0.399213,0.015625,-0.907926,0.418958,0.010956,-0.917539,0.397504,0.01001,-0.918241,0.395703,0.014069,-0.915708,0.401715,0.006714,-0.907376,0.419935,0.016297,-0.918241,0.395703,0.014069,-0.907376,0.419935,0.016297,-0.916715,0.399213,0.015625,-0.939055,0.342936,-0.023072,-0.97766,0.13422,-0.161596,-0.915708,0.401715,0.006714,-0.939055,0.342936,-0.023072,-0.915708,0.401715,0.006714,-0.918241,0.395703,0.014069,-0.90875,0.41728,0.003815,-0.907437,0.419996,0.011078,-0.916227,0.400494,0.009552,-0.90875,0.41728,0.003815,-0.916227,0.400494,0.009552,-0.918577,0.395184,0.003449,-0.918577,0.395184,0.003449,-0.916227,0.400494,0.009552,-0.917539,0.397504,0.01001,-0.918577,0.395184,0.003449,-0.917539,0.397504,0.01001,-0.917051,0.398724,0.004608,-0.917356,0.397778,0.014374,-0.924863,0.380016,0.012909,-0.928739,0.370556,0.009369,-0.917356,0.397778,0.014374,-0.928739,0.370556,0.009369,-0.92468,0.380535,0.009705,-0.92468,0.380535,0.009705,-0.928739,0.370556,0.009369,-0.94641,0.322184,-0.021943,-0.92468,0.380535,0.009705,-0.94641,0.322184,-0.021943,-0.939055,0.342936,-0.023072,-0.907437,0.419996,0.011078,-0.906461,0.421918,0.016358,-0.915189,0.402661,0.015717,-0.907437,0.419996,0.011078,-0.915189,0.402661,0.015717,-0.916227,0.400494,0.009552,-0.916227,0.400494,0.009552,-0.915189,0.402661,0.015717,-0.916715,0.399213,0.015625,-0.916227,0.400494,0.009552,-0.916715,0.399213,0.015625,-0.917539,0.397504,0.01001,-0.906461,0.421918,0.016358,-0.906461,0.421918,0.016358,-0.915189,0.402661,0.015717,-0.906461,0.421918,0.016358,-0.915189,0.402661,0.015717,-0.915189,0.402661,0.015717,-0.915189,0.402661,0.015717,-0.915189,0.402661,0.015717,-0.918241,0.395703,0.014069,-0.915189,0.402661,0.015717,-0.918241,0.395703,0.014069,-0.916715,0.399213,0.015625,-0.906461,0.421918,0.016358,-0.917356,0.397778,0.014374,-0.92468,0.380535,0.009705,-0.906461,0.421918,0.016358,-0.92468,0.380535,0.009705,-0.915189,0.402661,0.015717,-0.915189,0.402661,0.015717,-0.92468,0.380535,0.009705,-0.939055,0.342936,-0.023072,-0.915189,0.402661,0.015717,-0.939055,0.342936,-0.023072,-0.918241,0.395703,0.014069],
  "Ni" : 1.00000,
  "Ka" : [0.00000,0.00000,0.00000],
  "d" : 0.65966,
  "Kd" : [0.24000,0.24000,0.24000],
  "illum" : 2,
  "Ks" : [0.50000,0.50000,0.50000],
  "Ns" : 96.07843
}