{
  "alias" : "chasis.010_chasis.011_vidrios",
  "vertices" : [-0.002921,1.247861,-1.385799,-0.001899,1.345781,-0.979851,-0.002454,1.306809,-1.200251,-0.003737,1.132999,-1.709947,-0.003525,1.161593,-1.625605,-0.001823,1.342613,-0.94962,-0.004177,1.107778,-1.884478,0.228953,1.236376,-1.383146,0.214758,1.294694,-1.197561,0.201788,1.346621,-0.980869,0.241624,1.153308,-1.622985,0.246666,1.121324,-1.703577,0.459901,1.222492,-1.378665,0.429971,1.277436,-1.19304,0.396003,1.333875,-0.983562,0.483062,1.139424,-1.618531,0.482858,1.106421,-1.699589,0.653864,1.113967,-1.608641,0.655759,1.2006,-1.371036,0.625432,1.254758,-1.183488,0.608787,1.302554,-0.988733,0.65591,1.090617,-1.698044,0.201864,1.343453,-0.950638,0.39608,1.330707,-0.953331,0.608866,1.303805,-0.957504,0.246241,1.104655,-1.872087,0.482491,1.103787,-1.845372,0.654892,1.074047,-1.803351,-0.238746,1.236376,-1.381968,-0.223616,1.294694,-1.196457,-0.209555,1.34662,-0.979833,-0.252624,1.153308,-1.62174,-0.258072,1.121324,-1.702306,-0.469669,1.222492,-1.376324,-0.438804,1.277436,-1.190853,-0.403782,1.333875,-0.981548,-0.494037,1.139424,-1.61607,-0.494242,1.106421,-1.697128,-0.664787,1.113967,-1.60532,-0.665486,1.2006,-1.367709,-0.634214,1.254758,-1.180316,-0.616588,1.302554,-0.985647,-0.667284,1.090617,-1.694712,-0.209479,1.343453,-0.949602,-0.403705,1.330707,-0.951317,-0.61651,1.303805,-0.954418,-0.258497,1.104655,-1.870816,-0.494609,1.103787,-1.842911,-0.666795,1.074047,-1.800023,-0.004126,1.110678,-1.864407,0.24629,1.106572,-1.852708,0.482533,1.10409,-1.828607,0.655009,1.075762,-1.791241,-0.258448,1.106572,-1.851437,-0.494566,1.10409,-1.826146,-0.666852,1.075762,-1.787912,-0.657653,1.201475,-1.368053,-0.608076,1.303807,-0.985483,-0.626397,1.255666,-1.180737,-0.657957,1.114985,-1.60575,-0.660362,1.091249,-1.694809,-0.607998,1.304881,-0.954294,-0.659908,1.075171,-1.801738,-0.65996,1.076829,-1.789441,0.643029,1.202023,-1.371532,0.594956,1.30459,-0.988396,0.612727,1.256233,-1.184109,0.642762,1.115622,-1.609284,0.644662,1.091644,-1.698145,0.595034,1.305554,-0.957233,0.643686,1.075873,-1.806082,0.643798,1.077496,-1.79367],
  "indices" : [4,0,7,4,7,10,0,2,8,0,8,7,9,8,2,9,2,1,10,11,3,10,3,4,12,15,10,12,10,7,13,12,7,13,7,8,14,13,8,14,8,9,15,16,11,15,11,10,9,1,5,9,5,22,14,9,22,14,22,23,28,0,4,28,4,31,0,28,29,0,29,2,30,1,2,30,2,29,31,4,3,31,3,32,33,28,31,33,31,36,34,29,28,34,28,33,35,30,29,35,29,34,36,31,32,36,32,37,30,43,5,30,5,1,35,44,43,35,43,30,11,50,49,11,49,3,50,25,6,50,6,49,16,51,50,16,50,11,51,26,25,51,25,50,32,3,49,32,49,53,53,49,6,53,6,46,37,32,53,37,53,54,54,53,46,54,46,47,38,39,56,38,56,59,59,56,33,59,33,36,39,40,58,39,58,56,56,58,34,56,34,33,40,41,57,40,57,58,58,57,35,58,35,34,42,38,59,42,59,60,60,59,36,60,36,37,41,45,61,41,61,57,57,61,44,57,44,35,55,42,60,55,60,63,63,60,37,63,37,54,48,55,63,48,63,62,62,63,54,62,54,47,17,67,64,17,64,18,67,15,12,67,12,64,18,64,66,18,66,19,64,12,13,64,13,66,19,66,65,19,65,20,66,13,14,66,14,65,21,68,67,21,67,17,68,16,15,68,15,67,20,65,69,20,69,24,65,14,23,65,23,69,52,71,68,52,68,21,71,51,16,71,16,68,27,70,71,27,71,52,70,26,51,70,51,71],
  "normals" : [-0.000488,0.941221,-0.337687,-0.000366,0.948851,-0.315622,0.05768,0.949278,-0.309091,-0.000488,0.941221,-0.337687,0.05768,0.949278,-0.309091,0.052675,0.938292,-0.341746,-0.000366,0.948851,-0.315622,-0.000244,0.967864,-0.251411,0.05652,0.964843,-0.2566,-0.000366,0.948851,-0.315622,0.05652,0.964843,-0.2566,0.05768,0.949278,-0.309091,0.040529,0.997467,-0.057955,0.05652,0.964843,-0.2566,-0.000244,0.967864,-0.251411,0.040529,0.997467,-0.057955,-0.000244,0.967864,-0.251411,0.0,0.998749,-0.049623,0.052675,0.938292,-0.341746,0.046236,0.972808,-0.226936,-0.000244,0.972533,-0.232734,0.052675,0.938292,-0.341746,-0.000244,0.972533,-0.232734,-0.000488,0.941221,-0.337687,0.097873,0.949614,-0.297708,0.097049,0.937681,-0.333598,0.052675,0.938292,-0.341746,0.097873,0.949614,-0.297708,0.052675,0.938292,-0.341746,0.05768,0.949278,-0.309091,0.099002,0.962004,-0.254372,0.097873,0.949614,-0.297708,0.05768,0.949278,-0.309091,0.099002,0.962004,-0.254372,0.05768,0.949278,-0.309091,0.05652,0.964843,-0.2566,0.10065,0.991394,-0.083499,0.099002,0.962004,-0.254372,0.05652,0.964843,-0.2566,0.10065,0.991394,-0.083499,0.05652,0.964843,-0.2566,0.040529,0.997467,-0.057955,0.097049,0.937681,-0.333598,0.091586,0.973876,-0.207648,0.046236,0.972808,-0.226936,0.097049,0.937681,-0.333598,0.046236,0.972808,-0.226936,0.052675,0.938292,-0.341746,0.040529,0.997467,-0.057955,0.0,0.998749,-0.049623,0.000214,0.994537,0.10419,0.040529,0.997467,-0.057955,0.000214,0.994537,0.10419,0.031404,0.994049,0.104068,0.10065,0.991394,-0.083499,0.040529,0.997467,-0.057955,0.031404,0.994049,0.104068,0.10065,0.991394,-0.083499,0.031404,0.994049,0.104068,0.101413,0.99237,0.069674,-0.058809,0.949278,-0.308817,-0.000366,0.948851,-0.315622,-0.000488,0.941221,-0.337687,-0.058809,0.949278,-0.308817,-0.000488,0.941221,-0.337687,-0.054018,0.938292,-0.341502,-0.000366,0.948851,-0.315622,-0.058809,0.949278,-0.308817,-0.057436,0.964873,-0.256325,-0.000366,0.948851,-0.315622,-0.057436,0.964873,-0.256325,-0.000244,0.967864,-0.251411,-0.040712,0.997497,-0.057741,0.0,0.998749,-0.049623,-0.000244,0.967864,-0.251411,-0.040712,0.997497,-0.057741,-0.000244,0.967864,-0.251411,-0.057436,0.964873,-0.256325,-0.054018,0.938292,-0.341502,-0.000488,0.941221,-0.337687,-0.000244,0.972533,-0.232734,-0.054018,0.938292,-0.341502,-0.000244,0.972533,-0.232734,-0.04709,0.972808,-0.226691,-0.099399,0.949583,-0.297281,-0.058809,0.949278,-0.308817,-0.054018,0.938292,-0.341502,-0.099399,0.949583,-0.297281,-0.054018,0.938292,-0.341502,-0.098727,0.937803,-0.332804,-0.100284,0.962004,-0.253822,-0.057436,0.964873,-0.256325,-0.058809,0.949278,-0.308817,-0.100284,0.962004,-0.253822,-0.058809,0.949278,-0.308817,-0.099399,0.949583,-0.297281,-0.101077,0.991363,-0.083438,-0.040712,0.997497,-0.057741,-0.057436,0.964873,-0.256325,-0.101077,0.991363,-0.083438,-0.057436,0.964873,-0.256325,-0.100284,0.962004,-0.253822,-0.098727,0.937803,-0.332804,-0.054018,0.938292,-0.341502,-0.04709,0.972808,-0.226691,-0.098727,0.937803,-0.332804,-0.04709,0.972808,-0.226691,-0.092624,0.973907,-0.207129,-0.040712,0.997497,-0.057741,-0.030915,0.994049,0.104221,0.000214,0.994537,0.10419,-0.040712,0.997497,-0.057741,0.000214,0.994537,0.10419,0.0,0.998749,-0.049623,-0.101077,0.991363,-0.083438,-0.101047,0.992462,0.069277,-0.030915,0.994049,0.104221,-0.101077,0.991363,-0.083438,-0.030915,0.994049,0.104221,-0.040712,0.997497,-0.057741,0.046236,0.972808,-0.226936,0.027131,0.995422,-0.091311,-6.1e-05,0.992615,-0.121189,0.046236,0.972808,-0.226936,-6.1e-05,0.992615,-0.121189,-0.000244,0.972533,-0.232734,0.027131,0.995422,-0.091311,0.01709,0.995514,-0.092898,-0.000122,0.992615,-0.121189,0.027131,0.995422,-0.091311,-0.000122,0.992615,-0.121189,-6.1e-05,0.992615,-0.121189,0.091586,0.973876,-0.207648,0.094668,0.993347,-0.06531,0.027131,0.995422,-0.091311,0.091586,0.973876,-0.207648,0.027131,0.995422,-0.091311,0.046236,0.972808,-0.226936,0.094668,0.993347,-0.06531,0.087924,0.994079,-0.063478,0.01709,0.995514,-0.092898,0.094668,0.993347,-0.06531,0.01709,0.995514,-0.092898,0.027131,0.995422,-0.091311,-0.04709,0.972808,-0.226691,-0.000244,0.972533,-0.232734,-6.1e-05,0.992615,-0.121189,-0.04709,0.972808,-0.226691,-6.1e-05,0.992615,-0.121189,-0.027375,0.995453,-0.091189,-0.027375,0.995453,-0.091189,-6.1e-05,0.992615,-0.121189,-0.000122,0.992615,-0.121189,-0.027375,0.995453,-0.091189,-0.000122,0.992615,-0.121189,-0.017365,0.995514,-0.092807,-0.092624,0.973907,-0.207129,-0.04709,0.972808,-0.226691,-0.027375,0.995453,-0.091189,-0.092624,0.973907,-0.207129,-0.027375,0.995453,-0.091189,-0.095004,0.993286,-0.065554,-0.095004,0.993286,-0.065554,-0.027375,0.995453,-0.091189,-0.017365,0.995514,-0.092807,-0.095004,0.993286,-0.065554,-0.017365,0.995514,-0.092807,-0.08829,0.994049,-0.063692,-0.131596,0.94641,-0.2949,-0.130467,0.944884,-0.30018,-0.130039,0.94644,-0.29545,-0.131596,0.94641,-0.2949,-0.130039,0.94644,-0.29545,-0.131535,0.942625,-0.306772,-0.131535,0.942625,-0.306772,