{
  "alias" : "Cube.003_Cube.003_aluminio_aros",
  "vertices" : [0.710847,0.343509,-2.384646,0.711543,0.343509,-2.108244,0.495719,0.343509,-2.107701,0.495023,0.343509,-2.384102,0.710847,0.437318,-2.384646,0.711543,0.437318,-2.108244,0.495719,0.437318,-2.107701,0.495023,0.437318,-2.384102,0.510277,0.355999,-2.384141,0.510277,0.424828,-2.384141,0.695593,0.355999,-2.384608,0.695593,0.424828,-2.384607,0.696254,0.355999,-2.12211,0.510938,0.355999,-2.121643,0.696254,0.424828,-2.12211,0.510938,0.424828,-2.121643,0.501964,0.431635,-2.38412,0.501964,0.349192,-2.38412,0.703906,0.349192,-2.384628,0.703906,0.431635,-2.384628,0.673666,0.343509,-2.108149,0.533596,0.343509,-2.107796,0.67297,0.343509,-2.384551,0.5329,0.343509,-2.384198,0.673666,0.437318,-2.108149,0.533596,0.437318,-2.107796,0.67297,0.437318,-2.384551,0.5329,0.437318,-2.384198,0.5428,0.424828,-2.384223,0.66307,0.424828,-2.384526,0.5428,0.355999,-2.384223,0.66307,0.355999,-2.384526,0.663731,0.355999,-2.122028,0.54346,0.355999,-2.121725,0.663731,0.424828,-2.122028,0.54346,0.424828,-2.121725,0.537404,0.431635,-2.384209,0.668466,0.431635,-2.384539,0.537404,0.349192,-2.384209,0.668466,0.349192,-2.384539,0.711543,0.360856,-2.108244,0.711543,0.419971,-2.108244,0.710847,0.360856,-2.384646,0.710847,0.419971,-2.384646,0.495719,0.360856,-2.107701,0.495719,0.419971,-2.107701,0.495023,0.360856,-2.384102,0.495023,0.419971,-2.384102,0.510277,0.368726,-2.384141,0.510277,0.412101,-2.384141,0.695593,0.368726,-2.384608,0.695593,0.412101,-2.384607,0.696254,0.368726,-2.12211,0.696254,0.412101,-2.12211,0.510938,0.368726,-2.121643,0.510938,0.412101,-2.121643,0.501964,0.41639,-2.38412,0.501964,0.364437,-2.38412,0.703906,0.364437,-2.384628,0.703906,0.41639,-2.384628,0.673666,0.360856,-2.108149,0.673666,0.419971,-2.108149,0.533596,0.419971,-2.107796,0.533596,0.360856,-2.107796,0.663731,0.368726,-2.122028,0.663731,0.412101,-2.122028,0.54346,0.368726,-2.121725,0.54346,0.412101,-2.121725],
  "indices" : [22,0,1,22,1,20,20,21,23,20,23,22,21,2,3,21,3,23,4,26,24,4,24,5,26,27,25,26,25,24,27,7,6,27,6,25,10,31,32,10,32,12,31,30,33,31,33,32,30,8,13,30,13,33,9,28,35,9,35,15,28,29,34,28,34,35,29,11,14,29,14,34,19,37,26,19,26,4,37,36,27,37,27,26,36,16,7,36,7,27,11,29,37,11,37,19,29,28,36,29,36,37,28,9,16,28,16,36,17,38,23,17,23,3,38,39,22,38,22,23,0,22,39,0,39,18,8,30,38,8,38,17,30,31,39,30,39,38,31,10,18,31,18,39,0,42,40,0,40,1,42,43,41,42,41,40,43,4,5,43,5,41,2,44,46,2,46,3,44,45,47,44,47,46,45,6,7,45,7,47,11,51,53,11,53,14,51,50,52,51,52,53,50,10,12,50,12,52,8,48,54,8,54,13,48,49,55,48,55,54,49,9,15,49,15,55,16,56,47,16,47,7,56,57,46,56,46,47,57,17,3,57,3,46,9,49,56,9,56,16,49,48,57,49,57,56,48,8,17,48,17,57,42,0,18,42,18,58,58,59,43,58,43,42,59,19,4,59,4,43,10,50,58,10,58,18,50,51,59,50,59,58,51,11,19,51,19,59,24,61,41,24,41,5,61,60,40,61,40,41,60,20,1,60,1,40,25,62,61,25,61,24,62,63,60,62,60,61,63,21,20,63,20,60,6,45,62,6,62,25,45,44,63,45,63,62,44,2,21,44,21,63,32,64,52,32,52,12,64,65,53,64,53,52,65,34,14,65,14,53,33,66,64,33,64,32,66,67,65,66,65,64,67,35,34,67,34,65,13,54,66,13,66,33,54,55,67,54,67,66,55,15,35,55,35,67],
  "normals" : [-0.00177,-0.707083,-0.707083,0.575884,-0.577319,-0.578784,0.578784,-0.577349,0.575884,-0.00177,-0.707083,-0.707083,0.578784,-0.577349,0.575884,0.00177,-0.707083,0.707083,0.00177,-0.707083,0.707083,0.00177,-0.707083,0.707083,-0.00177,-0.707083,-0.707083,0.00177,-0.707083,0.707083,-0.00177,-0.707083,-0.707083,-0.00177,-0.707083,-0.707083,0.00177,-0.707083,0.707083,-0.575884,-0.577349,0.578784,-0.578784,-0.577349,-0.575884,0.00177,-0.707083,0.707083,-0.578784,-0.577349,-0.575884,-0.00177,-0.707083,-0.707083,0.575884,0.577319,-0.578784,-0.00177,0.707083,-0.707083,0.00177,0.707083,0.707083,0.575884,0.577319,-0.578784,0.00177,0.707083,0.707083,0.578784,0.577349,0.575884,-0.00177,0.707083,-0.707083,-0.00177,0.707083,-0.707083,0.00177,0.707083,0.707083,-0.00177,0.707083,-0.707083,0.00177,0.707083,0.707083,0.00177,0.707083,0.707083,-0.00177,0.707083,-0.707083,-0.578784,0.577349,-0.575884,-0.575884,0.577349,0.578784,-0.00177,0.707083,-0.707083,-0.575884,0.577349,0.578784,0.00177,0.707083,0.707083,-0.303751,0.301492,-0.903775,-0.00177,0.707083,-0.707083,-0.00177,0.707083,-0.707083,-0.303751,0.301492,-0.903775,-0.00177,0.707083,-0.707083,-0.578784,0.577349,-0.575884,-0.00177,0.707083,-0.707083,-0.00177,0.707083,-0.707083,-0.00177,0.707083,-0.707083,-0.00177,0.707083,-0.707083,-0.00177,0.707083,-0.707083,-0.00177,0.707083,-0.707083,-0.00177,0.707083,-0.707083,0.299203,0.301492,-0.905271,0.575884,0.577349,-0.578784,-0.00177,0.707083,-0.707083,0.575884,0.577349,-0.578784,-0.00177,0.707083,-0.707083,0.299203,-0.301492,-0.905271,-0.00177,-0.707083,-0.707083,-0.00177,-0.707083,-0.707083,0.299203,-0.301492,-0.905271,-0.00177,-0.707083,-0.707083,0.575884,-0.577349,-0.578784,-0.00177,-0.707083,-0.707083,-0.00177,-0.707083,-0.707083,-0.00177,-0.707083,-0.707083,-0.00177,-0.707083,-0.707083,-0.00177,-0.707083,-0.707083,-0.00177,-0.707083,-0.707083,-0.00177,-0.707083,-0.707083,-0.303781,-0.301492,-0.903745,-0.578784,-0.577349,-0.575884,-0.00177,-0.707083,-0.707083,-0.578784,-0.577349,-0.575884,-0.00177,-0.707083,-0.707083,-0.002503,0.0,-0.999969,-0.002503,0.0,-0.999969,-0.00177,0.707083,-0.707083,-0.002503,0.0,-0.999969,-0.00177,0.707083,-0.707083,0.575884,0.577319,-0.578784,-0.002503,0.0,-0.999969,-0.002503,0.0,-0.999969,-0.00177,0.707083,-0.707083,-0.002503,0.0,-0.999969,-0.00177,0.707083,-0.707083,-0.00177,0.707083,-0.707083,-0.002503,0.0,-0.999969,-0.002503,0.0,-0.999969,-0.578784,0.577349,-0.575884,-0.002503,0.0,-0.999969,-0.578784,0.577349,-0.575884,-0.00177,0.707083,-0.707083,-0.303781,-0.301492,-0.903745,-0.00177,-0.707083,-0.707083,-0.002503,0.0,-0.999969,-0.303781,-0.301492,-0.903745,-0.002503,0.0,-0.999969,-0.002503,0.0,-0.999969,-0.00177,-0.707083,-0.707083,-0.00177,-0.707083,-0.707083,-0.002503,0.0,-0.999969,-0.00177,-0.707083,-0.707083,-0.002503,0.0,-0.999969,-0.002503,0.0,-0.999969,-0.00177,-0.707083,-0.707083,0.299203,-0.301492,-0.905271,-0.002503,0.0,-0.999969,-0.00177,-0.707083,-0.707083,-0.002503,0.0,-0.999969,-0.002503,0.0,-0.999969,-0.002503,0.0,-0.999969,-0.002503,0.0,-0.999969,-0.00177,-0.707083,-0.707083,-0.002503,0.0,-0.999969,-0.00177,-0.707083,-0.707083,-0.578784,-0.577349,-0.575884,-0.002503,0.0,-0.999969,-0.002503,0.0,-0.999969,-0.00177,-0.707083,-0.707083,-0.002503,0.0,-0.999969,-0.00177,-0.707083,-0.707083,-0.00177,-0.707083,-0.707083,0.575884,-0.577319,-0.578784,-0.00177,-0.707083,-0.707083,-0.002503,0.0,-0.999969,0.575884,-0.577319,-0.578784,-0.002503,0.0,-0.999969,-0.002503,0.0,-0.999969,0.299203,0.301492,-0.905271,-0.00177,0.707083,-0.707083,-0.002503,0.0,-0.999969,0.299203,0.301492,-0.905271,-0.002503,0.0,-0.999969,-0.002503,0.0,-0.999969,-0.00177,0.707083,-0.707083,-0.00177,0.707083,-0.707083,-0.002503,0.0,-0.999969,-0.00177,0.707083,-0.707083,-0.002503,0.0,-0.999969,-0.002503,0.0,-0.999969,-0.00177,0.707083,-0.707083,-0.303751,0.301492,-0.903775,-0.002503,0.0,-0.999969,-0.00177,0.707083,-0.707083,-0.002503,0.0,-0.999969,-0.002503,0.0,-0.999969,0.575884,-0.577319,-0.578784,0.705313,0.0,-0.708884,0.708884,0.0,0.705313,0.575884,-0.577319,-0.578784,0.708884,0.0,0.705313,0.578784,-0.577349,0.575884,0.705313,0.0,-0.708884,0.705313,0.0,-0.708884,0.708884,0.0,0.705313,0.705313,0.0,-0.708884,0.708884,0.0,0.705313,0.708884,0.0,0.705313,0.705313,0.0,-0.708884,0.575884,0.577319,-0.578784,0.578784,0.577349,0.575884,0.705313,0.0,-0.708884,0.578784,0.577349,0.575884,0.708884,0.0,0.705313,-0.575884,-0.577349,0.578784,-0.705313,0.0,0.708884,-0.708853,0.0,-0.705313,-0.575884,-0.577349,0.578784,-0.708853,0.0,-0.705313,-0.578784,-0.577349,-0.575884,-0.705313,0.0,0.708884,-0.705313,0.0,0.708884,-0.708853,0.0,-0.705313,-0.705313,0.0,0.708884,-0.708853,0.0,-0.705313,-0.708853,0.0,-0.705313,-0.705313,0.0,0.708884,-0.575884,0.577349,0.578784,-0.578784,0.577349,-0.575884,-0.705313,0.0,0.708884,-0.578784,0.577349,-0.575884,-0.708853,0.0,-0.705313,-0.303781,-0.301492,-0.903745,-0.708884,0.0,-0.705313,-0.708853,