{
  "alias" : "TECHO.001_TECHO.001_hule",
  "vertices" : [0.216215,1.369022,0.172285,0.001256,1.373475,0.179741,-0.213738,1.369022,0.173368,-0.42272,1.355541,0.165252,-0.606584,1.341063,0.181272,0.425153,1.355542,0.163116,0.609095,1.341063,0.17821,0.216215,1.363815,0.172285,-0.213738,1.363815,0.173368,0.001256,1.368268,0.179741,-0.42272,1.350335,0.165252,-0.606584,1.335856,0.181272,0.425153,1.350335,0.163116,0.609095,1.335856,0.17821,0.216215,1.373926,0.172285,-0.213738,1.373925,0.173368,0.001256,1.378378,0.179741,-0.42272,1.360445,0.165252,-0.606584,1.345966,0.181272,0.425153,1.360445,0.163116,0.609095,1.345967,0.17821,-0.610296,1.335395,0.181281,-0.610296,1.340602,0.181281,-0.610296,1.345506,0.181281,0.612808,1.335395,0.178201,0.612808,1.340602,0.178201,0.612808,1.345506,0.178201,0.609915,1.332503,0.160054,-0.607495,1.332503,0.16312,0.609924,1.352433,0.163696,0.606229,1.352894,0.163705,-0.607486,1.352433,0.166762,-0.603791,1.352894,0.166753,-0.213775,1.388952,0.158856,-0.422757,1.375472,0.15074,0.425117,1.375472,0.148604,0.001219,1.393405,0.165229,0.216178,1.388952,0.157773,0.609924,1.342323,0.163696,0.606229,1.342783,0.163705,-0.607486,1.342322,0.166762,-0.603791,1.342783,0.166753,-0.422757,1.365361,0.15074,-0.213775,1.378841,0.158856,0.425117,1.365361,0.148604,0.001219,1.383294,0.165229,0.216178,1.378841,0.157773,0.216215,1.371815,0.172285,0.001256,1.376268,0.179741,-0.213738,1.371815,0.173368,-0.42272,1.358334,0.165252,-0.606584,1.343856,0.181272,0.425153,1.358334,0.163116,0.609095,1.343856,0.17821,-0.610296,1.343395,0.181281,0.612808,1.343395,0.178201,0.60992,1.343854,0.162128,-0.60749,1.343854,0.165194,0.216215,1.365455,0.172285,0.001256,1.369908,0.179741,-0.213738,1.365455,0.173368,-0.42272,1.351975,0.165252,-0.606584,1.337496,0.181272,0.425153,1.351975,0.163116,0.609095,1.337496,0.17821,-0.610296,1.337035,0.181281,0.612808,1.337036,0.178201,0.609921,1.339229,0.162549,-0.607489,1.339229,0.165615,-0.609443,1.340708,0.181279,-0.609442,1.335501,0.181279,-0.609442,1.345612,0.181279,-0.606636,1.352539,0.16676,-0.606636,1.342428,0.16676,-0.609442,1.343501,0.181279,-0.609442,1.337141,0.181279,0.612065,1.340694,0.178203,0.612065,1.335487,0.178203,0.612065,1.345598,0.178203,0.609185,1.352525,0.163698,0.609185,1.342415,0.163698,0.612065,1.343487,0.178203,0.612065,1.337128,0.178203],
  "indices" : [46,7,9,46,9,45,44,12,7,44,7,46,42,43,8,42,8,10,43,45,9,43,9,8,41,42,10,41,10,11,39,13,12,39,12,44,36,16,14,36,14,37,37,14,19,37,19,35,33,34,17,33,17,15,36,33,15,36,15,16,34,32,18,34,18,17,35,19,20,35,20,30,14,16,48,14,48,47,1,0,47,1,47,48,0,5,52,0,52,47,47,52,19,47,19,14,17,50,49,17,49,15,50,3,2,50,2,49,15,49,48,15,48,16,49,2,1,49,1,48,18,51,50,18,50,17,51,4,3,51,3,50,20,19,52,20,52,53,53,52,5,53,5,6,31,57,54,31,54,23,57,28,22,57,22,54,29,26,55,29,55,56,56,55,25,56,25,27,0,1,59,0,59,58,58,59,9,58,9,7,7,12,63,7,63,58,5,0,58,5,58,63,3,61,60,3,60,2,61,10,8,61,8,60,2,60,59,2,59,1,60,8,9,60,9,59,4,62,61,4,61,3,62,11,10,62,10,61,6,5,63,6,63,64,64,63,12,64,12,13,28,68,65,28,65,22,68,40,21,68,21,65,27,25,66,27,66,67,67,66,24,67,24,38,40,73,70,40,70,21,73,41,11,73,11,70,32,72,71,32,71,18,72,31,23,72,23,71,54,74,71,54,71,23,74,51,18,74,18,71,22,69,74,22,74,54,69,4,51,69,51,74,65,75,69,65,69,22,75,62,4,75,4,69,21,70,75,21,75,65,70,11,62,70,62,75,38,24,77,38,77,80,80,77,13,80,13,39,30,20,78,30,78,79,79,78,26,79,26,29,55,26,78,55,78,81,81,78,20,81,20,53,25,55,81,25,81,76,76,81,53,76,53,6,66,25,76,66,76,82,82,76,6,82,6,64,24,66,82,24,82,77,77,82,64,77,64,13],
  "normals" : [-0.05768,-0.693594,-0.71804,-0.024201,-0.923643,0.382458,0.000977,-0.918577,0.395184,-0.05768,-0.693594,-0.71804,0.000977,-0.918577,0.395184,-0.001801,-0.694662,-0.719291,-0.055147,-0.745232,-0.66451,-0.090884,-0.91757,0.386975,-0.024201,-0.923643,0.382458,-0.055147,-0.745232,-0.66451,-0.024201,-0.923643,0.382458,-0.05768,-0.693594,-0.71804,0.05182,-0.745232,-0.664754,0.054048,-0.693594,-0.718314,0.026124,-0.923643,0.382336,0.05182,-0.745232,-0.664754,0.026124,-0.923643,0.382336,0.092837,-0.91757,0.386517,0.054048,-0.693594,-0.718314,-0.001801,-0.694662,-0.719291,0.000977,-0.918577,0.395184,0.054048,-0.693594,-0.718314,0.000977,-0.918577,0.395184,0.026124,-0.923643,0.382336,0.063509,-0.84872,-0.524979,0.05182,-0.745232,-0.664754,0.092837,-0.91757,0.386517,0.063509,-0.84872,-0.524979,0.092837,-0.91757,0.386517,0.117405,-0.84051,0.528886,-0.066134,-0.84872,-0.524674,-0.114719,-0.84051,0.529435,-0.090884,-0.91757,0.386975,-0.066134,-0.84872,-0.524674,-0.090884,-0.91757,0.386975,-0.055147,-0.745232,-0.66451,0.001801,0.694662,0.719291,0.002319,0.376171,0.926511,0.05237,0.378033,0.924284,0.001801,0.694662,0.719291,0.05237,0.378033,0.924284,0.05768,0.693594,0.71804,0.05768,0.693594,0.71804,0.05237,0.378033,0.924284,0.020875,0.418928,0.907743,0.05768,0.693594,0.71804,0.020875,0.418928,0.907743,0.055147,0.745232,0.664479,-0.054048,0.693594,0.718314,-0.05182,0.745232,0.664754,-0.016297,0.418928,0.907834,-0.054048,0.693594,0.718314,-0.016297,0.418928,0.907834,-0.0477,0.378033,0.924528,0.001801,0.694662,0.719291,-0.054048,0.693594,0.718314,-0.0477,0.378033,0.924528,0.001801,0.694662,0.719291,-0.0477,0.378033,0.924528,0.002319,0.376171,0.926511,-0.05182,0.745232,0.664754,-0.063478,0.84872,0.524979,-0.016938,0.499588,0.866085,-0.05182,0.745232,0.664754,-0.016938,0.499588,0.866085,-0.016297,0.418928,0.907834,0.055147,0.745232,0.664479,0.020875,0.418928,0.907743,0.021302,0.499588,0.865993,0.055147,0.745232,0.664479,0.021302,0.499588,0.865993,0.066134,0.84872,0.524644,0.05237,0.378033,0.924284,0.002319,0.376171,0.926511,0.002503,0.0,0.999969,0.05237,0.378033,0.924284,0.002503,0.0,0.999969,0.039247,0.0,0.999207,0.002503,0.0,0.999969,0.039247,0.0,0.999207,0.039247,0.0,0.999207,0.002503,0.0,0.999969,0.039247,0.0,0.999207,0.002503,0.0,0.999969,0.039247,0.0,0.999207,-0.018983,0.0,0.999817,-0.018983,0.0,0.999817,0.039247,0.0,0.999207,-0.018983,0.0,0.999817,0.039247,0.0,0.999207,0.039247,0.0,0.999207,-0.018983,0.0,0.999817,0.020875,0.418928,0.907743,0.039247,0.0,0.999207,0.020875,0.418928,0.907743,0.05237,0.378033,0.924284,-0.016297,0.418928,0.907834,0.024018,0.0,0.999695,-0.034211,0.0,0.99939,-0.016297,0.418928,0.907834,-0.034211,0.0,0.99939,-0.0477,0.378033,0.924528,0.024018,0.0,0.999695,0.024018,0.0,0.999695,-0.034211,0.0,0.99939,0.024018,0.0,0.999695,-0.034211,0.0,0.99939,-0.034211,0.0,0.99939,-0.0477,0.378033,0.924528,-0.034211,0.0,0.99939,0.002503,0.0,0.999969,-0.0477,0.378033,0.924528,0.002503,0.0,0.999969,0.002319,0.376171,0.926511,-0.034211,0.0,0.99939,-0.034211,0.0,0.99939,0.002503,0.0,0.999969,-0.034211,0.0,0.99939,0.002503,0.0,0.999969,0.002503,0.0,0.999969,-0.016938,0.499588,0.866085,0.044679,0.0,0.998993,0.024018,0.0,0.999695,-0.016938,0.499588,0.866085,0.024018,0.0,0.999695,-0.016297,0.418928,0.907834,0.044679,0.0,0.998993,0.044679,0.0,0.998993,0.024018,0.0,0.999695,0.044679,0.0,0.998993,0.024018,0.0,0.999695,0.024018,0.0,0.999695,0.021302,0.499588,0.865993,0.020875,0.418928,0.907743,-0.018983,0.0,0.999817,0.021302,0.499588,0.865993,-0.018983,0.0,0.999817,-0.039644,0.0,0.999207,-0.039644,0.0,0.999207,-0.018983,0.0,0.999817,-0.018983,0.0,0.999817,-0.039644,0.0,0.999207,-0.018983,0.0,0.999817,-0.039644,0.0,0.999207,-0.65096,0.725761,0.222419,-0.985046,0.02533,-0.170293,-0.76397,0.019715,0.644917,-0.65096,0.725761,0.222419,-0.76397,0.019715,0.644917,-0.681387,0.407025,0.608264,-0.985046,0.02533,-0.170293,-0.881039,-0.469161,-0.060213,-0.263558,-0.039369,0.963836,-0.985046,0.02533,-0.170293,-0.263558,-0.039369,0.963836,-0.76397,0.019715,0.644917,0.652089,0.725761,0.219153,0.684439,0.407025,0.604816,0.767205,0.019715,0.641072,0.652089,0.725761,0.219153,0.767205,0.019715,0.641072,0.984191,0.02533,-0.175268,0.984191,0.02533,-0.175268,0.767205,0.019715,0.641072,0.26838,-0.039369,0.962493,0.984191,0.02533,-0.175268,0.26838,-0.039369,0.962493,0.880764,-0.469039,-0.064669,0.039247,0.0,0.999207,0.002503,0.0,0.999969,0.002503,0.0,0.999969,0.039247,0.0,0.999207,0.002503,0.0,0.999969,0.039247,0.0,0.999207,0.039247,0.0,