{
  "alias" : "luz_direccional_frent_luz_direccional_frent_vidrios_luces_amarillas",
  "vertices" : [-0.643375,0.501625,2.272676,-0.648421,0.460123,2.290572,-0.738451,0.501356,2.218404,-0.740153,0.459854,2.236596,-0.839974,0.501647,2.136654,-0.885901,0.501866,2.059611,-0.886602,0.460145,2.072425,-0.838061,0.460145,2.155167,-0.864634,0.460145,2.032181,-0.863933,0.501866,2.019368,-0.816092,0.460145,2.114924,-0.818005,0.501647,2.096411,-0.718185,0.459854,2.196353,-0.716482,0.501356,2.178161,-0.621406,0.501625,2.232433,-0.626453,0.460123,2.250329,-0.738553,0.498866,2.219496,-0.839859,0.499157,2.137765,-0.643677,0.499135,2.27375,-0.885944,0.499363,2.06038,-0.863975,0.499363,2.020137,-0.621709,0.499135,2.233507,-0.740001,0.46356,2.234972,-0.838232,0.463851,2.153514,-0.647971,0.463829,2.288974,-0.88654,0.463871,2.07128,-0.864571,0.463871,2.031037,-0.626002,0.463829,2.248731,-0.884294,0.501858,2.062308,-0.884903,0.460145,2.07532,-0.862935,0.460145,2.035077,-0.862325,0.501858,2.022064,-0.884331,0.499355,2.063088,-0.884849,0.46387,2.074158,-0.646702,0.501616,2.270777,-0.651632,0.460114,2.288683,-0.629663,0.460114,2.24844,-0.624734,0.501616,2.230534,-0.646998,0.499125,2.271851,-0.651192,0.46382,2.287084],
  "indices" : [13,11,4,13,4,2,10,12,3,10,3,7,16,2,4,16,4,17,0,18,21,0,21,14,9,20,19,9,19,5,3,22,23,3,23,7,22,16,17,22,17,23,18,24,27,18,27,21,24,1,15,24,15,27,20,26,25,20,25,19,26,8,6,26,6,25,11,31,28,11,28,4,31,9,5,31,5,28,8,30,29,8,29,6,30,10,7,30,7,29,19,32,28,19,28,5,32,17,4,32,4,28,25,33,32,25,32,19,33,23,17,33,17,32,6,29,33,6,33,25,29,7,23,29,23,33,2,34,37,2,37,13,34,0,14,34,14,37,12,36,35,12,35,3,36,15,1,36,1,35,0,34,38,0,38,18,34,2,16,34,16,38,22,39,38,22,38,16,39,24,18,39,18,38,3,35,39,3,39,22,35,1,24,35,24,39],
  "normals" : [3.1e-05,1.0,0.0,0.002289,0.999969,0.001221,-0.511216,0.755058,0.410474,3.1e-05,1.0,0.0,-0.511216,0.755058,0.410474,-0.336924,0.808527,0.482376,-0.000793,-0.999969,-0.000427,-3.1e-05,-1.0,-3.1e-05,-0.473678,-0.548967,0.68862,-0.000793,-0.999969,-0.000427,-0.473678,-0.548967,0.68862,-0.60976,-0.564989,0.555803,-0.53029,0.355205,0.769799,-0.336924,0.808527,0.482376,-0.511216,0.755058,0.410474,-0.53029,0.355205,0.769799,-0.511216,0.755058,0.410474,-0.733696,0.25483,0.629871,0.280068,0.699149,0.657826,0.29075,0.34846,0.891049,0.873379,0.099368,0.47676,0.280068,0.699149,0.657826,0.873379,0.099368,0.47676,0.491104,0.828791,0.268075,-0.728324,0.558061,-0.397565,-0.870113,-0.13126,-0.47499,-0.999603,0.022065,0.016602,-0.728324,0.558061,-0.397565,-0.999603,0.022065,0.016602,-0.791314,0.608478,-0.059328,-0.473678,-0.548967,0.68862,-0.535722,0.353954,0.766594,-0.737327,0.253273,0.62624,-0.473678,-0.548967,0.68862,-0.737327,0.253273,0.62624,-0.60976,-0.564989,0.555803,-0.535722,0.353954,0.766594,-0.53029,0.355205,0.769799,-0.733696,0.25483,0.629871,-0.535722,0.353954,0.766594,-0.733696,0.25483,0.629871,-0.737327,0.253273,0.62624,0.29075,0.34846,0.891049,0.288095,0.349071,0.89169,0.873379,0.099368,0.47676,0.29075,0.34846,0.891049,0.873379,0.099368,0.47676,0.873379,0.099368,0.47676,0.288095,0.349071,0.89169,0.171606,-0.432905,0.884945,0.715018,-0.579974,0.390301,0.288095,0.349071,0.89169,0.715018,-0.579974,0.390301,0.873379,0.099368,0.47676,-0.870113,-0.13126,-0.47499,-0.870113,-0.13126,-0.47499,-0.999634,0.021516,0.014924,-0.870113,-0.13126,-0.47499,-0.999634,0.021516,0.014924,-0.999603,0.022065,0.016602,-0.870113,-0.13126,-0.47499,-0.719932,-0.572008,-0.392987,-0.801599,-0.591571,0.086459,-0.870113,-0.13126,-0.47499,-0.801599,-0.591571,0.086459,-0.999634,0.021516,0.014924,0.002289,0.999969,0.001221,0.002472,0.999969,0.001343,-0.550981,0.766289,0.330454,0.002289,0.999969,0.001221,-0.550981,0.766289,0.330454,-0.511216,0.755058,0.410474,0.002472,0.999969,0.001343,-0.728324,0.558061,-0.397565,-0.791314,0.608478,-0.059328,0.002472,0.999969,0.001343,-0.791314,0.608478,-0.059328,-0.550981,0.766289,0.330454,-0.719932,-0.572008,-0.392987,0.0,-1.0,0.0,-0.660207,-0.6433,0.387585,-0.719932,-0.572008,-0.392987,-0.660207,-0.6433,0.387585,-0.801599,-0.591571,0.086459,0.0,-1.0,0.0,-0.000793,-0.999969,-0.000427,-0.60976,-0.564989,0.555803,0.0,-1.0,0.0,-0.60976,-0.564989,0.555803,-0.660207,-0.6433,0.387585,-0.999603,0.022065,0.016602,-0.846767,0.173132,0.502976,-0.550981,0.766289,0.330454,-0.999603,0.022065,0.016602,-0.550981,0.766289,0.330454,-0.791314,0.608478,-0.059328,-0.846767,0.173132,0.502976,-0.733696,0.25483,0.629871,-0.511216,0.755058,0.410474,-0.846767,0.173132,0.502976,-0.511216,0.755058,0.410474,-0.550981,0.766289,0.330454,-0.999634,0.021516,0.014924,-0.848628,0.172155,0.500137,-0.846767,0.173132,0.502976,-0.999634,0.021516,0.014924,-0.846767,0.173132,0.502976,-0.999603,0.022065,0.016602,-0.848628,0.172155,0.500137,-0.737327,0.253273,0.62624,-0.733696,0.25483,0.629871,-0.848628,0.172155,0.500137,-0.733696,0.25483,0.629871,-0.846767,0.173132,0.502976,-0.801599,-0.591571,0.086459,-0.660207,-0.6433,0.387585,-0.848628,0.172155,0.500137,-0.801599,-0.591571,0.086459,-0.848628,0.172155,0.500137,-0.999634,0.021516,0.014924,-0.660207,-0.6433,0.387585,-0.60976,-0.564989,0.555803,-0.737327,0.253273,0.62624,-0.660207,-0.6433,0.387585,-0.737327,0.253273,0.62624,-0.848628,0.172155,0.500137,-0.336924,0.808527,0.482376,-0.275491,0.833979,0.478042,-0.002136,0.999969,-0.00116,-0.336924,0.808527,0.482376,-0.002136,0.999969,-0.00116,3.1e-05,1.0,0.0,-0.275491,0.833979,0.478042,0.280068,0.699149,0.657826,0.491104,0.828791,0.268075,-0.275491,0.833979,0.478042,0.491104,0.828791,0.268075,-0.002136,0.999969,-0.00116,-3.1e-05,-1.0,-3.1e-05,0.002197,-0.999969,0.00119,-0.421216,-0.551958,0.719626,-3.1e-05,-1.0,-3.1e-05,-0.421216,-0.551958,0.719626,-0.473678,-0.548967,0.68862,0.002197,-0.999969,0.00119,0.715018,-0.579974,0.390301,0.171606,-0.432905,0.884945,0.002197,-0.999969,0.00119,0.171606,-0.432905,0.884945,-0.421216,-0.551958,0.719626,0.280068,0.699149,0.657826,-0.275491,0.833979,0.478042,-0.459731,0.391247,0.797204,0.280068,0.699149,0.657826,-0.459731,0.391247,0.797204,0.29075,0.34846,0.891049,-0.275491,0.833979,0.478042,-0.336924,0.808527,0.482376,-0.53029,0.355205,0.769799,-0.275491,0.833979,0.478042,-0.53029,0.355205,0.769799,-0.459731,0.391247,0.797204,-0.535722,0.353954,0.766594,-0.464705,0.390637,0.79461,-0.459731,0.391247,0.797204,-0.535722,0.353954,0.766594,-0.459731,0.391247,0.797204,-0.53029,0.355205,0.769799,-0.464705,0.390637,0.79461,0.288095,0.349071,0.89169,0.29075,0.34846,0.891049,-0.464705,0.390637,0.79461,0.29075,0.34846,0.891049,-0.459731,0.391247,0.797204,-0.473678,-0.548967,0.68862,-0.421216,-0.551958,0.719626,-0.464705,0.390637,0.79461,-0.473678,-0.548967,0.68862,-0.464705,0.390637,0.79461,-0.535722,0.353954,0.766594,-0.421216,-0.551958,0.719626,0.171606,-0.432905,0.884945,0.288095,0.349071,0.89169,-0.421216,-0.551958,0.719626,0.288095,0.349071,0.89169,-0.464705,0.390637,0.79461],
  "Ni" : 1.00000,
  "Ka" : [0.00000,0.00000,0.00000],
  "d" : 1.00000,
  "Kd" : [0.80000,0.47963,0.15965],
  "illum" : 2,
  "Ks" : [0.88655,0.88655,0.88655],
  "Ns" : 96.07843
}