{
  "alias" : "manilla.001_manilla.001_aluminio_aros",
  "vertices" : [0.895806,0.872366,-0.261751,0.893152,0.870435,-0.337941,0.911921,0.876565,-0.33875,0.914575,0.878497,-0.26256,0.883807,0.909035,-0.262263,0.881153,0.907103,-0.338452,0.899922,0.913234,-0.339262,0.902576,0.915165,-0.263072,0.909375,0.879092,-0.338725,0.899362,0.909692,-0.339152,0.893712,0.873976,-0.33805,0.905023,0.875685,-0.472651,0.88936,0.87057,-0.471975,0.89501,0.906286,-0.473078,0.879347,0.90117,-0.472402,0.893192,0.870463,-0.336798,0.911961,0.876594,-0.337607,0.881193,0.907132,-0.33731,0.899962,0.913263,-0.338119,0.883699,0.904577,-0.338477,0.89527,0.871976,-0.277135,0.914039,0.878107,-0.277945,0.883271,0.908645,-0.277647,0.90204,0.914775,-0.278456,0.90604,0.874365,-0.477863,0.895093,0.90782,-0.47833,0.888916,0.868772,-0.477125,0.877968,0.902227,-0.477592,0.905301,0.873827,-0.499087,0.888176,0.868234,-0.498349,0.877229,0.901689,-0.498816,0.894353,0.907282,-0.499554,0.889382,0.870587,-0.471306,0.905045,0.875703,-0.471981,0.895032,0.906303,-0.472408,0.879369,0.901187,-0.471733,0.905629,0.874789,-0.477593,0.895009,0.907243,-0.478046,0.878398,0.901817,-0.47733,0.889018,0.869363,-0.476876,0.880986,0.904708,-0.268249,0.880566,0.904403,-0.280286,0.87894,0.903219,-0.326966,0.890373,0.876018,-0.267849,0.889954,0.875713,-0.279886,0.888328,0.874529,-0.326566,0.856244,0.896627,-0.267183,0.865631,0.867937,-0.266782,0.854198,0.895138,-0.325899,0.863586,0.866448,-0.325499,0.865212,0.867632,-0.278819,0.855824,0.896321,-0.27922,0.861192,0.898243,-0.267396,0.87058,0.869553,-0.266996,0.868535,0.868065,-0.325712,0.859147,0.896754,-0.326113,0.870161,0.869248,-0.279033,0.860773,0.897938,-0.279433,0.895518,0.872733,-0.382713,0.894074,0.871603,-0.427131,0.91118,0.877848,-0.383388,0.909737,0.876719,-0.427807,0.901167,0.908449,-0.383815,0.899724,0.907319,-0.428234,0.885504,0.903333,-0.38314,0.884061,0.902204,-0.427558],
  "indices" : [4,0,3,4,3,7,15,1,2,15,2,16,18,6,5,18,5,17,17,5,1,17,1,15,6,18,16,6,16,2,2,8,9,2,9,6,5,19,10,5,10,1,6,9,19,6,19,5,1,10,8,1,8,2,0,20,21,0,21,3,20,15,16,20,16,21,7,23,22,7,22,4,23,18,17,23,17,22,18,23,21,18,21,16,23,7,3,23,3,21,24,26,29,24,29,28,27,25,31,27,31,30,26,27,30,26,30,29,25,24,28,25,28,31,29,30,31,29,31,28,32,12,11,32,11,33,34,13,14,34,14,35,35,14,12,35,12,32,33,11,13,33,13,34,11,36,37,11,37,13,36,24,25,36,25,37,14,38,39,14,39,12,38,27,26,38,26,39,13,37,38,13,38,14,37,25,27,37,27,38,12,39,36,12,36,11,39,26,24,39,24,36,4,22,41,4,41,40,22,17,42,22,42,41,20,0,43,20,43,44,15,20,44,15,44,45,17,15,45,17,45,42,0,4,40,0,40,43,50,47,46,50,46,51,51,48,49,51,49,50,40,52,53,40,53,43,52,46,47,52,47,53,45,54,55,45,55,42,54,49,48,54,48,55,44,56,54,44,54,45,56,50,49,56,49,54,43,53,56,43,56,44,53,47,50,53,50,56,42,55,57,42,57,41,55,48,51,55,51,57,41,57,52,41,52,40,57,51,46,57,46,52,10,58,60,10,60,8,58,59,61,58,61,60,59,32,33,59,33,61,9,62,64,9,64,19,62,63,65,62,65,64,63,34,35,63,35,65,19,64,58,19,58,10,64,65,59,64,59,58,65,35,32,65,32,59,8,60,62,8,62,9,60,61,63,60,63,62,61,33,34,61,34,63],
  "normals" : [-0.577013,0.479232,0.661306,-0.209449,-0.720603,0.660909,0.747978,-0.35493,0.560808,-0.577013,0.479232,0.661306,0.747978,-0.35493,0.560808,0.388897,0.742393,0.545488,-0.399121,-0.915677,-0.046785,-0.388897,-0.742393,-0.545488,0.707785,-0.384167,-0.592792,-0.399121,-0.915677,-0.046785,0.707785,-0.384167,-0.592792,0.891476,-0.45262,-0.019562,0.451704,0.891324,-0.038331,0.348704,0.713126,-0.608112,-0.747978,0.35493,-0.560808,0.451704,0.891324,-0.038331,-0.747978,0.35493,-0.560808,-0.860042,0.504044,-0.079073,-0.860042,0.504044,-0.079073,-0.747978,0.35493,-0.560808,-0.388897,-0.742393,-0.545488,-0.860042,0.504044,-0.079073,-0.388897,-0.742393,-0.545488,-0.399121,-0.915677,-0.046785,0.348704,0.713126,-0.608112,0.451704,0.891324,-0.038331,0.891476,-0.45262,-0.019562,0.348704,0.713126,-0.608112,0.891476,-0.45262,-0.019562,0.707785,-0.384167,-0.592792,0.707785,-0.384167,-0.592792,0.365612,-0.231574,-0.901486,0.153386,0.371899,-0.915494,0.707785,-0.384167,-0.592792,0.153386,0.371899,-0.915494,0.348704,0.713126,-0.608112,-0.747978,0.35493,-0.560808,-0.394971,0.155004,-0.905484,-0.230445,-0.387707,-0.892483,-0.747978,0.35493,-0.560808,-0.230445,-0.387707,-0.892483,-0.388897,-0.742393,-0.545488,0.348704,0.713126,-0.608112,0.153386,0.371899,-0.915494,-0.394971,0.155004,-0.905484,0.348704,0.713126,-0.608112,-0.394971,0.155004,-0.905484,-0.747978,0.35493,-0.560808,-0.388897,-0.742393,-0.545488,-0.230445,-0.387707,-0.892483,0.365612,-0.231574,-0.901486,-0.388897,-0.742393,-0.545488,0.365612,-0.231574,-0.901486,0.707785,-0.384167,-0.592792,-0.209449,-0.720603,0.660909,-0.15598,-0.987274,0.030457,0.891476,-0.45262,-0.019562,-0.209449,-0.720603,0.660909,0.891476,-0.45262,-0.019562,0.747978,-0.35493,0.560808,-0.15598,-0.987274,0.030457,-0.399121,-0.915677,-0.046785,0.891476,-0.45262,-0.019562,-0.15598,-0.987274,0.030457,0.891476,-0.45262,-0.019562,0.891476,-0.45262,-0.019562,0.388897,0.742393,0.545488,0.451704,0.891324,-0.038331,-0.616199,0.787561,0.001465,0.388897,0.742393,0.545488,-0.616199,0.787561,0.001465,-0.577013,0.479232,0.661306,0.451704,0.891324,-0.038331,0.451704,0.891324,-0.038331,-0.860042,0.504044,-0.079073,0.451704,0.891324,-0.038331,-0.860042,0.504044,-0.079073,-0.616199,0.787561,0.001465,0.451704,0.891324,-0.038331,0.451704,0.891324,-0.038331,0.891476,-0.45262,-0.019562,0.451704,0.891324,-0.038331,0.891476,-0.45262,-0.019562,0.891476,-0.45262,-0.019562,0.451704,0.891324,-0.038331,0.388897,0.742393,0.545488,0.747978,-0.35493,0.560808,0.451704,0.891324,-0.038331,0.747978,-0.35493,0.560808,0.891476,-0.45262,-0.019562,0.803705,-0.407514,0.433515,-0.372478,-0.791681,0.484207,-0.388897,-0.742393,-0.545488,0.803705,-0.407514,0.433515,-0.388897,-0.742393,-0.545488,0.707785,-0.384167,-0.592792,-0.772332,0.430342,0.467177,0.403821,0.814508,0.416456,0.348704,0.713126,-0.608112,-0.772332,0.430342,0.467177,0.348704,0.713126,-0.608112,-0.747978,0.35493,-0.560808,-0.372478,-0.791681,0.484207,-0.772332,0.430342,0.467177,-0.747978,0.35493,-0.560808,-0.372478,-0.791681,0.484207,-0.747978,0.35493,-0.560808,-0.388897,-0.742393,-0.545488,0.403821,0.814508,0.416456,0.803705,-0.407514,0.433515,0.707785,-0.384167,-0.592792,0.403821,0.814508,0.416456,0.707785,-0.384167,-0.592792,0.348704,0.713126,-0.608112,-0.388897,-0.742393,-0.545488,-0.747978,0.35493,-0.560808,0.348704,0.713126,-0.608112,-0.388897,-0.742393,-0.545488,0.348704,0.713126,-0.608112,0.707785,-0.384167,-0.592792,-0.464064,-0.884152,0.053926,-0.460829,-0.875423,0.145604,0.898007,-0.430952,0.088504,-0.464064,-0.884152,0.053926,0.898007,-0.430952,0.088504,0.886593,-0.459731,-0.05063,0.437452,0.897732,-0.051668,0.4691,0.880367,0.069643,-0.89053,0.436903,0.126713,0.437452,0.897732,-0.051668,-0.89053,0.436903,0.126713,-0.892941,0.447279,0.05063,-0.892941,0.447279,0.05063,-0.89053,0.436903,0.126713,-0.460829,-0.875423,0.145604,-0.892941,0.447279,0.05063,-0.460829,-0.875423,0.145604,-0.464064,-0.884152,0.053926,0.886593,-0.459731,-0.05063,0.898007,-0.430952,0.088504,0.4691,0.880367,0.069643,0.886593,-0.459731,-0.05063,0.4691,0.880367,0.069643,0.437452,0.897732,-0.051668,0.898007,-0.430952,0.088504,0.687735,-0.206336,0.695975,0.427045,0.590381,0.684866,0.898007,-0.430952,0.088504,0.427045,0.590381,0.684866,0.4691,0.880367,0.069643,0.687735,-0.206336,0.695975,0.803705,-0.407514,0.433515,0.403821,0.814508,0.416456,0.687735,-0.206336,0.695975,0.403821,0.814508,0.416456,0.427045,0.590381,0.684866,-0.89053,0.436903,0.126713,-0.638081,0.24247,0.730735,-0.377361,-0.554247,0.741874,-0.89053,0.436903,0.126713,-0.377361,-0.554247,0.741874,-0.460829,-0.875423,0.145604,-0.638081,0.24247,0.730735,-0.772332,0.430342,0.467177,-0.372478,-0.791681,0.484207,-0.638081,0.24247,0.730735,-0.372478,-0.791681,0.484207,-0.377361,-0.554247,0.741874,0.4691,0.880367,0.069643,0.427045,0.590381,0.684866,-0.638081,0.24247,0.730735,0.4691,0.880367,0.069643,-0.638081,0.24247,0.730735,-0.89053,0.436903,0.126713,0.427045,0.590381,0.684866,0.403821,0.814508,0.416456,-0.772332,0.430342,