{
  "alias" : "Mesh.068_SKYLINE_GTR_Fahrgestell_Vorderrad_L_Bremsanlage__lschlauchschra_Danel",
  "vertices" : [15.116069,8.570548,24.609848,15.141414,8.572189,24.596928,15.144777,8.573339,24.658672,15.117882,8.571168,24.643143,15.134481,8.668102,24.59552,15.137845,8.669251,24.657265,15.109136,8.66646,24.60844,15.11095,8.66708,24.641735,15.084593,8.568007,24.591675,15.083042,8.567477,24.563229,15.07611,8.663388,24.561821,15.07766,8.663918,24.590267,15.05493,8.566085,24.6068,15.028035,8.563912,24.59127,15.021102,8.659825,24.589863,15.047997,8.661997,24.605392,15.056744,8.566705,24.640095,15.031397,8.565063,24.653015,15.024466,8.660975,24.651608,15.049811,8.662617,24.638687,15.08822,8.569245,24.658268,15.089767,8.569776,24.686718,15.082837,8.665688,24.68531,15.081287,8.665158,24.65686,16.237179,8.661071,25.257122,16.262524,8.662714,25.244202,16.265888,8.663862,25.305946,16.238991,8.661691,25.290417,16.255589,8.758625,25.242794,16.258953,8.759775,25.304539,16.230244,8.756984,25.255714,16.232059,8.757604,25.289009,16.2057,8.658529,25.238949,16.204151,8.658,25.210499,16.19722,8.753913,25.209091,16.198769,8.754442,25.237541,16.176041,8.656609,25.25407,16.149143,8.654437,25.238544,16.142212,8.750349,25.237137,16.169109,8.752521,25.252666,16.177853,8.657228,25.287365,16.152508,8.655585,25.300289,16.145576,8.751498,25.298882,16.170921,8.75314,25.285957,16.209328,8.65977,25.305538,16.210876,8.660299,25.333988,16.203945,8.756211,25.332581,16.202396,8.755682,25.304131],
  "indices" : [0,1,2,0,2,3,1,4,5,1,5,2,4,6,7,4,7,5,6,0,3,6,3,7,1,0,8,1,8,9,9,10,4,9,4,1,10,11,6,10,6,4,0,6,11,0,11,8,12,13,9,12,9,8,13,14,10,13,10,9,14,15,11,14,11,10,15,12,8,15,8,11,16,17,13,16,13,12,17,18,14,17,14,13,18,19,15,18,15,14,19,16,12,19,12,15,20,21,17,20,17,16,21,22,18,21,18,17,22,23,19,22,19,18,23,20,16,23,16,19,3,2,21,3,21,20,2,5,22,2,22,21,5,7,23,5,23,22,7,3,20,7,20,23,24,25,26,24,26,27,25,28,29,25,29,26,28,30,31,28,31,29,30,24,27,30,27,31,32,33,25,32,25,24,33,34,28,33,28,25,34,35,30,34,30,28,35,32,24,35,24,30,36,37,33,36,33,32,37,38,34,37,34,33,38,39,35,38,35,34,39,36,32,39,32,35,40,41,37,40,37,36,41,42,38,41,38,37,42,43,39,42,39,38,43,40,36,43,36,39,44,45,41,44,41,40,45,46,42,45,42,41,46,47,43,46,43,42,47,44,40,47,40,43,27,26,45,27,45,44,26,29,46,26,46,45,29,31,47,29,47,46,31,27,44,31,44,47],
  "Ni" : 1.00000,
  "Ka" : [0.00000,0.00000,0.00000],
  "d" : 1.00000,
  "Kd" : [0.64000,0.64000,0.64000],
  "illum" : 2,
  "Ks" : [0.50000,0.50000,0.50000],
  "Ns" : 96.07843
}