{
  "alias" : "Mesh.077_SKYLINE_GTR_BOTTOM_bottom-pla_Entity138_a6-wheel-discs_2",
  "vertices" : [-13.700139,2.416253,-33.243294,-13.700139,2.416254,-36.027443,-13.50127,2.416254,-36.027443,-13.50127,2.416253,-33.243294,-13.700139,4.007198,-42.192345,-13.50127,4.007198,-42.192345,-13.700139,4.703235,-42.59008,-13.50127,4.703235,-42.59008,-13.700139,4.703235,-41.416763,-13.700139,3.5498,-36.027443,-13.700139,2.99297,-33.243294,-13.50127,2.99297,-33.243294,-13.50127,3.5498,-36.027443,-13.50127,4.703235,-41.416763],
  "indices" : [0,1,2,3,0,2,1,4,5,5,2,1,4,6,7,7,5,4,6,4,8,1,0,9,0,10,9,8,4,1,1,9,8,11,3,2,2,12,11,12,2,5,5,13,12,13,5,7,13,7,6,6,8,13],
  "Ni" : 1.00000,
  "Ka" : [0.00000,0.00000,0.00000],
  "d" : 1.00000,
  "Kd" : [0.64000,0.64000,0.64000],
  "illum" : 2,
  "Ks" : [0.50000,0.50000,0.50000],
  "Ns" : 96.07843
}