{
  "alias" : "Mesh.080_SKYLINE_GTR_BODY_headlight-_Group02_Entity11_a6-wheel-discs_2",
  "vertices" : [8.135971,10.540725,41.829308,7.886534,10.707949,41.829308,7.886534,10.57431,37.951385,8.135971,10.391574,37.951385,7.679223,10.921187,41.829308,7.679223,10.824538,37.951385,7.521682,11.173043,41.829311,7.521682,11.120543,37.951385,7.421555,11.456124,41.829308,7.421555,11.440615,37.951385,7.386479,11.763029,41.829308,7.386479,11.76303,37.951385,7.414912,12.039801,41.829315,7.414912,12.039802,37.951389,7.496508,12.297935,41.829311,7.496508,12.297935,37.951389,7.625721,12.532063,41.829311,7.625721,12.532064,37.951389,7.797007,12.736819,41.829311,7.797007,12.73682,37.951389,8.004816,12.90683,41.829311,8.004816,12.906831,37.951389,9.265316,13.088663,41.829311,9.591475,12.941216,41.829311,9.872037,12.899585,37.951389,9.663052,13.138381,37.951389,9.866802,12.722891,41.829311,10.039249,12.646476,37.951389,10.078862,12.44573,41.829311,10.162008,12.370259,37.951389,10.215219,12.121766,41.829311,10.237633,12.06214,37.951389,10.263434,11.763029,41.829308,10.263434,11.713313,37.951385,10.229231,11.459897,41.829308,10.246038,11.410332,37.951385,10.131527,11.179896,41.829308,10.195871,11.126654,37.951385,9.977673,10.930147,41.829308,10.115953,10.863207,37.951385,9.775023,10.71776,41.829308,10.009307,10.620916,37.951385,9.530935,10.549858,41.829308,9.878954,10.400708,37.951385],
  "indices" : [0,1,2,3,0,2,1,4,5,5,2,1,4,6,7,7,5,4,6,8,9,9,7,6,8,10,11,11,9,8,10,12,13,13,11,10,12,14,15,15,13,12,14,16,17,17,15,14,16,18,19,19,17,16,18,20,21,21,19,18,22,23,24,24,25,22,23,26,27,27,24,23,26,28,29,29,27,26,28,30,31,31,29,28,30,32,33,33,31,30,32,34,35,35,33,32,34,36,37,37,35,34,36,38,39,39,37,36,38,40,41,41,39,38,40,42,43,43,41,40,42,0,43,0,3,43,21,20,22,22,25,21],
  "Ni" : 1.00000,
  "Ka" : [0.00000,0.00000,0.00000],
  "d" : 1.00000,
  "Kd" : [0.64000,0.64000,0.64000],
  "illum" : 2,
  "Ks" : [0.50000,0.50000,0.50000],
  "Ns" : 96.07843
}