{
  "alias" : "Mesh.127_SKYLINE_GTR_OTHERS_wiper_Group17_Entity152_rubber2",
  "vertices" : [6.512022,17.497789,18.469547,0.307771,17.364799,19.659309,6.551181,17.446619,18.686363,0.366281,17.31147,19.881187,12.700215,17.23521,16.843534,12.758727,17.181908,17.065424,12.754704,17.140697,17.056206,12.694289,17.195288,16.832615,6.536368,17.253773,18.644108,6.496539,17.305418,18.428585],
  "indices" : [0,1,2,3,2,1,4,0,5,5,0,2,5,6,4,7,4,6,8,0,2,9,0,8,2,8,5,6,5,8,7,0,4,9,0,7,8,9,6,7,6,9,2,3,8,0,9,1,3,1,8,9,8,1],
  "Ni" : 1.00000,
  "Ka" : [0.00000,0.00000,0.00000],
  "d" : 1.00000,
  "Kd" : [0.01073,0.01073,0.01073],
  "illum" : 2,
  "Ks" : [0.50000,0.50000,0.50000],
  "Ns" : 96.07843
}