{
  "alias" : "Mesh.161_SKYLINE_GTR_INTERIOR_B-pillar_Entity169_Carmat_Gloss_2",
  "vertices" : [9.715509,24.616051,-7.090127,10.952881,22.598476,-7.62454,11.632919,22.598476,-7.62454,10.598212,24.138767,-7.229335,11.833523,21.009306,-8.019747,12.591719,21.009306,-8.019747,12.647653,19.385693,-8.414948,13.485698,19.385693,-8.414948,13.605934,16.986378,-8.969249,14.325948,17.742075,-8.810155,9.711305,24.619841,-8.096454,10.939544,22.62874,-8.730709,11.81388,21.063078,-9.225761,12.625273,19.457123,-9.72081,13.585135,17.066725,-10.374957,10.593822,24.142557,-8.235662,11.618097,22.62874,-8.730709,12.569432,21.063078,-9.225761,13.459806,19.457123,-9.72081,14.301196,17.822422,-10.215863],
  "indices" : [0,1,2,3,0,2,1,4,5,5,2,1,4,6,7,7,5,4,6,8,9,9,7,6,10,11,1,1,0,10,11,12,4,4,1,11,12,13,6,6,4,12,13,14,8,8,6,13,15,16,11,11,10,15,16,17,12,12,11,16,17,18,13,13,12,17,18,19,14,14,13,18],
  "Ni" : 1.00000,
  "Ka" : [0.00000,0.00000,0.00000],
  "d" : 1.00000,
  "Kd" : [0.64000,0.64000,0.64000],
  "illum" : 2,
  "Ks" : [0.50000,0.50000,0.50000],
  "Ns" : 96.07843
}