{
  "alias" : "Mesh.037_SKYLINE_GTR_INTERIOR_floor_Carmat_Gloss_3",
  "vertices" : [-15.191648,4.365149,19.218037,13.843055,4.365149,19.218037,-15.191648,4.495004,-14.947453,13.843055,4.495034,-14.949565],
  "indices" : [0,1,2,3,2,1],
  "Ni" : 1.00000,
  "Ka" : [0.00000,0.00000,0.00000],
  "d" : 1.00000,
  "Kd" : [0.64000,0.64000,0.64000],
  "illum" : 2,
  "Ks" : [0.50000,0.50000,0.50000],
  "Ns" : 96.07843
}