{
  "alias" : "Mesh.029_SKYLINE_GTR_OTHERS_NISSAN-mar_Entity144_New_1",
  "vertices" : [0.170787,15.643014,-43.431042,0.128533,15.684731,-43.424339,0.184872,15.614584,-43.254047,0.128533,15.670213,-43.245117,0.170787,15.309259,-43.48465,0.184872,15.280829,-43.307659,0.128533,15.267539,-43.491352,0.128533,15.225204,-43.316593,-1.51938,15.309259,-43.48465,-1.477126,15.267539,-43.491352,-1.533465,15.280829,-43.307659,-1.477126,15.225204,-43.316593,-1.51938,15.643014,-43.431042,-1.533465,15.614584,-43.254047,-1.477126,15.684731,-43.424339,-1.477126,15.670213,-43.245117,-0.674296,15.226829,-43.326714,-0.674296,15.269163,-43.501472,-0.674296,15.686358,-43.434452,-0.674296,15.671837,-43.255226],
  "indices" : [0,1,2,3,2,1,4,0,5,5,0,2,6,4,7,5,7,4,8,9,10,11,10,9,12,8,13,10,13,8,14,12,15,13,15,12,6,0,4,1,0,6,12,14,8,9,8,14,7,16,6,17,6,16,9,17,11,16,11,17,6,17,1,18,1,17,14,18,9,17,9,18,1,18,3,19,3,18,15,19,14,18,14,19],
  "Ni" : 1.00000,
  "Ka" : [0.00000,0.00000,0.00000],
  "d" : 1.00000,
  "Kd" : [0.64000,0.64000,0.64000],
  "illum" : 2,
  "Ks" : [0.50000,0.50000,0.50000],
  "Ns" : 96.07843
}