{
  "alias" : "Mesh.094_SKYLINE_GTR_BLK-PARTS_door-glass_Group12_Entity77_inner",
  "vertices" : [10.770748,24.354767,-6.289417,10.761461,24.365768,-8.164887,10.594698,24.539511,-6.233986,10.5856,24.550236,-8.106398,10.786028,24.325447,-4.372857,10.609639,24.510695,-4.32452,10.821721,24.261404,-2.479292,10.645187,24.44688,-2.438887,10.89332,24.14436,-0.641348,10.717178,24.329308,-0.606652,11.04871,23.908356,1.387463,10.874264,24.090935,1.42293,11.300318,23.545933,3.081102,11.129425,23.723499,3.130834,11.586155,23.119852,4.19784,11.422419,23.286921,4.275101,12.412045,21.772404,6.715817,12.266185,21.908453,6.847991,13.191505,20.308067,9.08129,13.059566,20.41251,9.256898,13.937484,18.730528,11.372563,13.817682,18.801718,11.587739,14.653259,17.065336,13.636968,14.545803,17.10107,13.894813,10.851925,24.131214,-6.356496,10.842407,24.142553,-8.235662,10.867614,24.101299,-4.431348,10.903481,24.036974,-2.528193,10.974605,23.92057,-0.68333,11.127941,23.687431,1.344534,11.375254,23.331066,3.020932,11.652433,22.917692,4.104349,12.456475,21.607569,6.55578,13.218739,20.181141,8.868559,13.949959,18.643772,11.111928,14.651431,17.022097,13.324969,10.49088,24.129715,-6.360472,10.481738,24.140537,-8.235662,10.505904,24.10076,-4.434125,10.541358,24.037062,-2.524528,10.612865,23.920162,-0.667711,10.768547,23.68376,1.382089,11.021094,23.320021,3.0884,11.306398,22.894753,4.203637,12.106511,21.589485,6.635988,12.865069,20.167253,8.921514,13.592441,18.636703,11.135967,14.289604,17.027552,13.325161,10.232384,24.54003,-6.237952,10.22366,24.550236,-8.106398,10.246653,24.512182,-4.327263,10.281786,24.448994,-2.435134,10.354168,24.330919,-0.590854,10.513614,24.089256,1.46081,10.774048,23.714394,3.198845,11.075245,23.26581,4.375229,11.911377,21.893101,6.924994,12.697849,20.396276,9.31282,13.448812,18.78833,11.620413,14.168687,17.104259,13.898287],
  "indices" : [0,1,2,3,2,1,4,0,5,5,0,2,6,4,7,5,7,4,8,6,9,7,9,6,10,8,11,9,11,8,12,10,13,11,13,10,14,12,15,13,15,12,16,14,17,15,17,14,18,16,19,17,19,16,20,18,21,19,21,18,22,20,23,21,23,20,25,0,24,1,0,25,26,24,4,0,4,24,27,26,6,4,6,26,28,27,8,6,8,27,29,28,10,8,10,28,30,29,12,10,12,29,31,30,14,12,14,30,32,31,16,14,16,31,33,32,18,16,18,32,34,33,20,18,20,33,35,34,22,20,22,34,36,37,24,25,24,37,38,36,26,24,26,36,39,38,27,26,27,38,40,39,28,27,28,39,41,40,29,28,29,40,42,41,30,29,30,41,43,42,31,30,31,42,44,43,32,31,32,43,45,44,33,32,33,44,46,45,34,33,34,45,47,46,35,34,35,46,48,49,36,37,36,49,50,48,38,36,38,48,51,50,39,38,39,50,52,51,40,39,40,51,53,52,41,40,41,52,54,53,42,41,42,53,55,54,43,42,43,54,56,55,44,43,44,55,57,56,45,44,45,56,58,57,46,45,46,57,59,58,47,46,47,58,2,3,48,49,48,3,5,2,50,48,50,2,7,5,51,50,51,5,9,7,52,51,52,7,11,9,53,52,53,9,13,11,54,53,54,11,15,13,55,54,55,13,17,15,56,55,56,15,19,17,57,56,57,17,21,19,58,57,58,19,23,21,59,58,59,21],
  "Ni" : 1.00000,
  "Ka" : [0.00000,0.00000,0.00000],
  "d" : 1.00000,
  "Kd" : [0.06971,0.06971,0.06971],
  "illum" : 2,
  "Ks" : [0.50000,0.50000,0.50000],
  "Ns" : 96.07843
}