{
  "alias" : "Mesh.134_SKYLINE_GTR_INTERIOR_front_Entity158_Carmat_Gloss_3",
  "vertices" : [-11.943553,17.084568,16.072901,-11.789801,17.227034,16.073868,-11.789801,17.987143,9.942237,-11.943553,17.641153,10.050359,-11.613116,17.331789,16.074575,-11.613116,18.24155,9.862734,-11.413158,17.384623,16.074936,-11.413158,18.369862,9.822637,-10.412146,17.460569,16.075449,-10.412146,18.554304,9.764999,-9.182764,17.508787,16.075775,-9.182764,18.671406,9.728405,-6.521271,17.512928,16.075804,-5.295671,17.466328,16.075489,-5.295671,18.568289,9.760632,-6.521271,18.681459,9.725264,-4.253917,17.384623,16.074936,-4.253917,18.369862,9.822637,-4.06054,17.332251,16.074577,-4.06054,18.242672,9.862381,-3.887879,17.228781,16.073875,-3.887879,17.99139,9.940907,-3.736001,17.08806,16.072922,-3.736001,17.649639,10.047704,-3.259578,16.220013,16.067036,-3.259578,15.541521,10.706494,-12.407498,15.541521,10.706494,-12.407498,16.220013,16.067036,-5.28803,16.21767,16.075924,-10.418819,16.21767,16.075924,-10.418819,15.541522,10.706494,-5.28803,15.541522,10.686607],
  "indices" : [0,1,2,3,0,2,1,4,5,5,2,1,4,6,7,7,5,4,6,8,9,9,7,6,8,10,11,11,9,8,12,13,14,14,15,12,13,16,17,17,14,13,16,18,19,19,17,16,18,20,21,21,19,18,20,22,23,23,21,20,24,25,23,23,22,24,0,3,26,27,0,26,12,15,11,11,10,12,28,24,22,22,20,28,28,13,12,16,13,28,28,20,18,18,16,28,10,8,29,29,28,12,12,10,29,29,8,6,1,0,27,27,29,1,29,6,4,4,1,29,7,9,30,30,9,11,30,26,3,3,2,30,2,5,7,7,30,2,15,14,31,31,30,11,11,15,31,31,14,17,31,17,19,19,21,31,21,23,25,25,31,21],
  "Ni" : 1.00000,
  "Ka" : [0.00000,0.00000,0.00000],
  "d" : 1.00000,
  "Kd" : [0.64000,0.64000,0.64000],
  "illum" : 2,
  "Ks" : [0.50000,0.50000,0.50000],
  "Ns" : 96.07843
}