{
  "alias" : "Mesh.101_SKYLINE_GTR_BODY_door-glas0_Entity64_Danel_4",
  "vertices" : [-13.898118,21.000999,-9.977356,-13.916922,20.97559,-9.236617,-12.731532,23.152882,-8.555296,-12.721775,23.15868,-9.235865,-15.077942,18.835197,-10.718858,-15.10231,18.798298,-9.917939,-15.108086,18.643864,-15.414943,-15.39567,18.106918,-15.939919,-15.536509,17.971029,-13.50597,-15.235504,18.524544,-13.120235,-12.394368,23.749128,-9.479313,-12.189464,24.125929,-9.216725,-12.197384,24.078373,-10.1016,-12.41697,23.668388,-10.502442,-12.198686,23.97352,-10.960149,-12.439713,23.513086,-11.557675,-12.479836,23.366974,-12.149958,-12.197581,23.837967,-11.81197,-12.577198,23.159832,-12.731185,-12.317272,23.560589,-12.722397,-12.721386,22.883926,-13.297905,-12.56563,23.091167,-13.74797,-12.585262,23.408564,-9.152268,-12.415731,23.714111,-9.287529,-12.498808,23.565552,-9.162804,-12.192719,24.142557,-8.245604,-15.291626,18.437885,-11.387716,-15.614398,17.850105,-11.065076,-15.20828,18.595051,-10.886565,-15.274964,18.470984,-11.105086,-15.641123,17.808619,-10.227632,-15.191646,18.256075,-18.37991,-14.926183,18.763187,-17.721813,-14.434616,19.599781,-17.916084,-13.674655,21.087475,-16.007946,-13.649345,21.068247,-16.712749,-14.321366,19.713659,-18.515369,-14.573231,19.34169,-18.099506,-14.687246,19.142426,-18.115555,-14.5502,19.258307,-19.066555,-14.843103,18.759575,-19.202015,-15.105773,18.357744,-18.832077,-14.790486,18.972677,-18.061401,-14.87694,18.83404,-17.944099,-12.820694,22.641106,-14.45869],
  "indices" : [0,1,2,3,0,2,4,5,1,1,0,4,6,7,8,8,9,6,10,11,12,12,13,10,13,12,14,14,15,13,16,15,14,14,17,16,18,16,17,17,19,18,20,18,19,19,21,20,22,3,2,11,10,23,24,22,2,2,25,24,25,11,23,23,24,25,26,9,8,8,27,26,27,28,29,29,26,27,28,27,30,30,5,4,4,28,30,31,7,6,6,32,31,33,34,35,35,36,33,37,33,36,38,37,36,36,39,38,38,39,40,40,41,42,42,38,40,31,32,43,43,42,41,41,31,43,20,21,44,44,35,34,34,20,44],
  "Ni" : 1.00000,
  "Ka" : [0.00000,0.00000,0.00000],
  "d" : 1.00000,
  "Kd" : [0.64000,0.64000,0.64000],
  "illum" : 2,
  "Ks" : [0.50000,0.50000,0.50000],
  "Ns" : 96.07843
}