{
  "alias" : "Mesh.022_SKYLINE_GTR_BODY_headlight-_Group06_Entity24_a6-wheel-discs_2",
  "vertices" : [13.034696,13.296817,39.275711,12.594722,13.272261,39.376831,12.021351,13.036101,39.157017,11.67063,13.016526,39.237625,13.477698,13.183805,39.212265,12.374486,12.946017,39.106441,13.870962,12.943471,39.194958,12.687973,12.754436,39.092644,14.161715,12.586057,39.232231,12.919744,12.469526,39.122356,14.29719,12.121808,39.332542,13.027737,12.099454,39.20232,14.296567,11.74138,39.438663,13.027241,11.7962,39.286915,14.232374,11.409455,39.544895,12.976069,11.531609,39.371593,14.10647,11.121526,39.652092,12.875704,11.302087,39.457047,13.920722,10.873089,39.761116,12.727638,11.104049,39.543953,13.676991,10.659636,39.872814,12.53335,10.933896,39.632988],
  "indices" : [0,1,2,3,2,1,4,0,5,5,0,2,6,4,7,5,7,4,8,6,9,7,9,6,10,8,11,9,11,8,12,10,13,11,13,10,14,12,15,13,15,12,16,14,17,15,17,14,18,16,19,17,19,16,20,18,21,19,21,18],
  "Ni" : 1.00000,
  "Ka" : [0.00000,0.00000,0.00000],
  "d" : 1.00000,
  "Kd" : [0.64000,0.64000,0.64000],
  "illum" : 2,
  "Ks" : [0.50000,0.50000,0.50000],
  "Ns" : 96.07843
}