{
  "alias" : "Mesh.012_SKYLINE_GTR_BODY_door-mirro_Group09_Entity37_Danel_4",
  "vertices" : [-15.993734,16.885071,10.368423,-15.96477,16.969006,11.474086,-16.801456,17.147392,11.15625,-16.819252,17.076473,10.20225,-15.896803,17.137068,12.035489,-16.747715,17.300058,11.623593,-15.843107,17.262217,12.200779,-16.705086,17.414799,11.751085,-15.789138,17.383833,12.23778,-16.66209,17.526953,11.768799,-15.729111,17.515093,12.167661,-16.613571,17.647293,11.731962,-15.655142,17.671793,11.932656,-16.555304,17.790131,11.559913,-15.557556,17.871174,11.316263,-16.480476,17.971214,11.059269,-15.497509,17.987597,10.129781,-16.439314,18.072266,10.043468,-17.626068,17.33511,10.769625,-17.641033,17.267872,9.963771,-17.590084,17.47073,11.153348,-17.564789,17.571819,11.26476,-17.540882,17.670071,11.289975,-17.50671,17.776039,11.244223,-17.467346,17.902519,11.09063,-17.421028,18.06333,10.675575,-17.392567,18.156937,9.81216,-18.44928,17.523052,10.294515,-18.467789,17.459276,9.640341,-18.426304,17.641577,10.59178,-18.415588,17.72893,10.685455,-18.408661,17.813187,10.716887,-18.391621,17.904722,10.661451,-18.374928,18.014788,10.524963,-18.361763,18.155306,10.193007,-18.350967,18.241604,9.477302,-19.281761,17.70211,9.711226,-19.308212,17.650679,9.219317,-19.258751,17.805094,9.905931,-19.250858,17.881781,9.95682,-19.24855,17.956305,9.965118,-19.251408,18.036737,9.940672,-19.261715,18.132757,9.863077,-19.285252,18.254936,9.63938,-19.308212,18.326275,9.080336],
  "indices" : [0,1,2,3,0,2,1,4,5,5,2,1,4,6,7,7,5,4,6,8,9,9,7,6,8,10,11,11,9,8,10,12,13,13,11,10,12,14,15,15,13,12,14,16,17,17,15,14,16,0,3,3,17,16,3,2,18,18,19,3,2,5,20,20,18,2,5,7,21,21,20,5,7,9,22,22,21,7,9,11,23,23,22,9,11,13,24,24,23,11,13,15,25,25,24,13,15,17,26,26,25,15,17,3,19,19,26,17,19,18,27,27,28,19,18,20,29,29,27,18,20,21,30,30,29,20,21,22,31,31,30,21,22,23,32,32,31,22,23,24,33,33,32,23,24,25,34,34,33,24,25,26,35,35,34,25,26,19,28,28,35,26,28,27,36,36,37,28,27,29,38,38,36,27,29,30,39,39,38,29,30,31,40,40,39,30,31,32,41,41,40,31,32,33,42,42,41,32,33,34,43,43,42,33,34,35,44,44,43,34,35,28,37,37,44,35],
  "Ni" : 1.00000,
  "Ka" : [0.00000,0.00000,0.00000],
  "d" : 1.00000,
  "Kd" : [0.64000,0.64000,0.64000],
  "illum" : 2,
  "Ks" : [0.50000,0.50000,0.50000],
  "Ns" : 96.07843
}