{
  "alias" : "Mesh.170_SKYLINE_GTR_OTHERS_wiper_Group16_Entity148_rubber2",
  "vertices" : [-6.777154,17.486076,19.017384,-2.965549,17.665928,19.059978,-2.959482,17.550568,19.003799,-6.771083,17.370714,18.961216,-1.922658,17.909857,18.671753,-1.916589,17.794489,18.615578,-1.844371,17.864214,18.773907,-1.838302,17.748857,18.717735,-2.885516,17.575054,19.255276,-2.879445,17.459686,19.1991,-6.807436,17.361792,19.269382,-6.80137,17.246428,19.213211],
  "indices" : [0,1,2,3,0,2,1,4,5,5,2,1,4,6,7,7,5,4,6,8,9,9,7,6,8,10,11,11,9,8,1,0,10,10,8,1,8,6,4,4,1,8],
  "Ni" : 1.00000,
  "Ka" : [0.00000,0.00000,0.00000],
  "d" : 1.00000,
  "Kd" : [0.01073,0.01073,0.01073],
  "illum" : 2,
  "Ks" : [0.50000,0.50000,0.50000],
  "Ns" : 96.07843
}