{
  "alias" : "Mesh.102_SKYLINE_GTR_BODY_door-glas0_Entity60_glass",
  "vertices" : [11.348525,23.145332,-11.01384,11.363847,23.164227,-9.886921,12.447936,21.092646,-13.020759,12.514394,21.048479,-11.361343,11.317744,23.080168,-12.119489,12.346574,21.114794,-14.670032,13.547346,19.039957,-15.027682,13.66494,18.93273,-12.835778,13.375403,19.149424,-17.220573,11.373183,23.15868,-9.235867,12.549526,21.000999,-9.977358,13.886912,18.524542,-13.120237,13.759493,18.643862,-15.414945,13.57759,18.763186,-17.721813,11.068377,23.668386,-10.502444,11.045776,23.749128,-9.479314,11.091122,23.513084,-11.557677,11.131243,23.366972,-12.14996,11.23667,23.408562,-9.15227,11.150215,23.56555,-9.162806,11.06714,23.714109,-9.28753,13.72935,18.835196,-10.71886,13.859688,18.595051,-10.886567,13.926373,18.470982,-11.105088,13.943034,18.437883,-11.387718,12.326063,21.087473,-16.007946,13.086024,19.599779,-17.916088,13.224639,19.34169,-18.099506,13.338654,19.142424,-18.115555,13.528347,18.834038,-17.944099,13.441895,18.972677,-18.061401,11.372794,22.883924,-13.297906,11.228606,23.15983,-12.731187],
  "indices" : [0,1,2,3,2,1,4,0,5,5,0,2,2,3,6,7,6,3,5,2,8,6,8,2,1,9,3,10,3,9,7,11,6,12,6,11,6,12,8,13,8,12,0,14,1,15,1,14,16,0,4,14,0,16,4,17,16,9,1,18,19,18,1,20,19,15,1,15,19,10,21,3,7,3,21,22,23,21,7,21,23,11,7,24,23,24,7,5,8,25,26,25,8,26,8,27,28,27,8,13,29,8,28,8,30,29,30,8,25,31,5,4,5,31,17,4,32,31,32,4],
  "Ni" : 1.00000,
  "Ka" : [0.00000,0.00000,0.00000],
  "d" : 0.29213,
  "Kd" : [0.64000,0.64000,0.64000],
  "illum" : 2,
  "Ks" : [0.79214,0.79214,0.79214],
  "Ns" : 96.07843
}