{
  "alias" : "Mesh.146_SKYLINE_GTR_LIGHT-etc_winker_Entity92_glassLight",
  "vertices" : [16.188145,13.105837,17.269135,16.168907,13.24371,17.40834,16.391975,13.08408,17.318851,16.372738,13.221952,17.458057,16.232117,12.790703,17.269135,16.422207,12.867425,17.318851,16.251354,12.65283,17.40834,16.441444,12.729553,17.458057,16.251354,12.65283,18.521999,16.441444,12.729553,18.472282,16.232117,12.790703,18.661209,16.422207,12.867425,18.611492,16.188145,13.105837,18.661209,16.391975,13.08408,18.611492,16.168907,13.24371,18.521999,16.372738,13.221952,18.472282,16.407089,12.975753,17.965168],
  "indices" : [0,1,2,3,2,1,4,0,5,5,0,2,6,4,7,5,7,4,8,6,9,7,9,6,10,8,11,9,11,8,12,10,13,11,13,10,14,12,15,13,15,12,1,14,3,15,3,14,2,3,16,5,2,16,7,5,16,9,7,16,11,9,16,13,11,16,15,13,16,3,15,16],
  "Ni" : 1.00000,
  "Ka" : [0.00000,0.00000,0.00000],
  "d" : 0.49438,
  "Kd" : [0.64000,0.64000,0.64000],
  "illum" : 2,
  "Ks" : [0.50000,0.50000,0.50000],
  "Ns" : 96.07843
}