{
  "alias" : "Mesh.085_SKYLINE_GTR_BOTTOM_bottom-pla_Entity133_inner",
  "vertices" : [-10.617686,4.106621,19.655552,9.269094,4.106621,19.655552,9.269094,2.913412,36.360447,-10.617686,2.913412,36.360447],
  "indices" : [0,1,2,3,0,2],
  "Ni" : 1.00000,
  "Ka" : [0.00000,0.00000,0.00000],
  "d" : 1.00000,
  "Kd" : [0.06971,0.06971,0.06971],
  "illum" : 2,
  "Ks" : [0.50000,0.50000,0.50000],
  "Ns" : 96.07843
}