{
  "alias" : "Mesh.021_SKYLINE_GTR_INTERIOR_seat_Group19_Entity182_Carmat_Gloss_2",
  "vertices" : [-7.154231,6.543263,-2.507461,-5.417354,6.614212,-2.347832,-7.156764,7.845951,-3.023972,-5.432432,7.916021,-2.73809,-8.910579,6.543264,-2.507461,-8.908046,7.845952,-3.023977,-10.647454,6.614212,-2.347832,-10.632378,7.916021,-2.73809,-7.167174,9.056974,-3.507679,-5.482438,9.139997,-3.128436,-8.897635,9.056976,-3.507684,-10.582371,9.139997,-3.128436,-7.189676,10.226329,-3.92499,-5.574537,10.315324,-3.515616,-8.875133,10.22633,-3.924995,-10.490271,10.315324,-3.515616,-7.220357,11.168406,-4.197016,-5.667901,11.211897,-3.797717,-8.844453,11.168406,-4.197016,-10.396908,11.211897,-3.797717,-7.252435,12.275351,-4.460268,-5.745255,12.285048,-4.106738,-8.812374,12.275352,-4.460278,-10.319556,12.285048,-4.106738,-7.260317,13.550287,-4.7116,-5.75069,13.603594,-4.462845,-8.804491,13.55029,-4.711605,-10.314119,13.603594,-4.462845,-7.259362,14.686439,-4.89042,-5.731638,14.728119,-4.722306,-8.805449,14.68644,-4.890426,-10.33317,14.728119,-4.722306,-7.274946,15.624787,-4.993491,-5.763223,15.696569,-4.880016,-8.789864,15.624788,-4.993496,-10.301584,15.696569,-4.880016,-7.302845,16.478645,-5.043242,-5.855475,16.567272,-4.972342,-8.761964,16.478647,-5.043242,-10.209333,16.567272,-4.972342,-7.370138,17.119204,-5.019073,-6.063249,17.178308,-4.979649,-8.694672,17.119205,-5.019073,-10.00156,17.178308,-4.979649,-7.470513,17.658091,-5.013921,-6.354246,17.677795,-5.002084,-8.594296,17.658091,-5.013921,-9.710563,17.677795,-5.002084,-7.522153,17.880215,-5.195247,-6.501649,17.880215,-5.195252,-8.542656,17.880215,-5.195252,-9.563159,17.880215,-5.195252],
  "indices" : [0,1,2,3,2,1,4,0,5,5,0,2,6,4,7,5,7,4,2,3,8,9,8,3,5,2,10,8,10,2,7,5,11,10,11,5,8,9,12,13,12,9,10,8,14,12,14,8,11,10,15,14,15,10,12,13,16,17,16,13,14,12,18,16,18,12,15,14,19,18,19,14,16,17,20,21,20,17,18,16,22,20,22,16,19,18,23,22,23,18,20,21,24,25,24,21,22,20,26,24,26,20,23,22,27,26,27,22,24,25,28,29,28,25,26,24,30,28,30,24,27,26,31,30,31,26,28,29,32,33,32,29,30,28,34,32,34,28,31,30,35,34,35,30,32,33,36,37,36,33,34,32,38,36,38,32,35,34,39,38,39,34,36,37,40,41,40,37,38,36,42,40,42,36,39,38,43,42,43,38,40,41,44,45,44,41,42,40,46,44,46,40,43,42,47,46,47,42,44,45,48,49,48,45,46,44,50,48,50,44,47,46,51,50,51,46],
  "Ni" : 1.00000,
  "Ka" : [0.00000,0.00000,0.00000],
  "d" : 1.00000,
  "Kd" : [0.64000,0.64000,0.64000],
  "illum" : 2,
  "Ks" : [0.50000,0.50000,0.50000],
  "Ns" : 96.07843
}