{
  "alias" : "Mesh.135_SKYLINE_GTR_LIGHT-etc_tail-lamp_Group14_Entity101_redGlass2",
  "vertices" : [-14.656281,15.740398,-41.324162,-14.50531,15.740398,-41.56591,-14.46426,15.488967,-41.626179,-14.607534,15.441825,-41.395725,-13.700138,15.740398,-41.794617,-14.349957,15.270603,-41.700871,-14.4718,15.182517,-41.484436,-14.175663,15.098407,-41.783665,-14.264824,14.978033,-41.582756,-13.954633,14.985478,-41.86829,-14.002352,14.843931,-41.683228,-13.700138,14.944927,-41.948425,-13.700138,14.795775,-41.778389,-13.44564,14.98548,-42.012863,-13.397923,14.843933,-41.854927,-13.224615,15.098408,-42.053825,-13.135452,14.978035,-41.903553,-13.050318,15.270603,-42.070019,-12.928475,15.182516,-41.922802,-12.936017,15.48897,-42.060291,-12.792744,15.441827,-41.911228,-12.894966,15.740398,-42.023323,-12.743996,15.740398,-41.867336,-12.936015,15.991829,-41.963051,-12.792741,16.038971,-41.795761,-13.050319,16.210192,-41.888359,-12.928476,16.298279,-41.707066,-13.224615,16.382391,-41.805557,-13.135454,16.502766,-41.608742,-13.445643,16.495317,-41.720943,-13.397924,16.636864,-41.508255,-13.700138,16.53587,-41.640804,-13.700138,16.68502,-41.413097,-13.954634,16.495316,-41.576359,-14.002352,16.636862,-41.336567,-14.175663,16.382389,-41.535408,-14.264824,16.502764,-41.287941,-14.349959,16.210194,-41.519199,-14.471801,16.298283,-41.268684,-14.464263,15.991831,-41.528961,-14.607536,16.038975,-41.280277],
  "indices" : [0,1,2,3,0,2,1,4,2,3,2,5,5,6,3,2,4,5,6,5,7,7,8,6,5,4,7,8,7,9,9,10,8,7,4,9,10,9,11,11,12,10,9,4,11,12,11,13,13,14,12,11,4,13,14,13,15,15,16,14,13,4,15,16,15,17,17,18,16,15,4,17,18,17,19,19,20,18,17,4,19,20,19,21,21,22,20,19,4,21,22,21,23,23,24,22,21,4,23,24,23,25,25,26,24,23,4,25,26,25,27,27,28,26,25,4,27,28,27,29,29,30,28,27,4,29,30,29,31,31,32,30,29,4,31,32,31,33,33,34,32,31,4,33,34,33,35,35,36,34,33,4,35,36,35,37,37,38,36,35,4,37,38,37,39,39,40,38,37,4,39,40,39,1,1,0,40,39,4,1],
  "Ni" : 1.00000,
  "Ka" : [0.00000,0.00000,0.00000],
  "d" : 1.00000,
  "Kd" : [0.26745,0.00000,0.00000],
  "illum" : 2,
  "Ks" : [0.50000,0.50000,0.50000],
  "Ns" : 96.07843
}