{
  "alias" : "Mesh.107_SKYLINE_GTR_OTHERS_GT-R_mark_silver_Group020_Entity200_a6-halo_mirror",
  "vertices" : [-6.902767,15.092849,-43.247654,-6.65621,15.094565,-43.263271,-6.903219,15.027934,-43.254765,-6.656131,15.029654,-43.270416,-6.656549,14.770001,-43.298912,-6.478917,14.77124,-43.310169,-6.478513,15.030435,-43.281708,-6.478864,15.095801,-43.274502,-6.21568,15.097632,-43.291176,-6.215277,15.032267,-43.298389,-6.897129,15.083497,-43.161236,-6.65067,15.085211,-43.176846,-6.897563,15.01855,-43.168339,-6.65067,15.020268,-43.183983,-6.651105,14.760498,-43.212494,-6.473324,14.761735,-43.223755,-6.472889,15.021074,-43.195286,-6.209911,15.022905,-43.211952,-6.210346,15.088278,-43.204735,-6.473324,15.086447,-43.188084],
  "indices" : [0,1,2,3,2,1,4,3,5,6,5,3,7,6,1,3,1,6,7,8,6,9,6,8,0,10,1,11,1,10,12,0,2,10,0,12,3,13,2,12,2,13,4,14,3,13,3,14,5,15,4,14,4,15,6,16,5,15,5,16,9,17,6,16,6,17,8,18,9,17,9,18,7,19,8,18,8,19,1,11,7,19,7,11],
  "Ni" : 1.00000,
  "Ka" : [0.00000,0.00000,0.00000],
  "d" : 1.00000,
  "Kd" : [0.64000,0.64000,0.64000],
  "illum" : 2,
  "Ks" : [0.50000,0.50000,0.50000],
  "Ns" : 96.07843
}