{
  "alias" : "Mesh.125_SKYLINE_GTR_LIGHT-etc_tail-lamp_Group14_Entity1000_redGlass",
  "vertices" : [-15.562099,15.740398,-41.216007,-15.411129,15.740398,-41.358318,-15.323901,15.206108,-41.486401,-15.467175,15.158964,-41.355389,-14.656281,15.740398,-41.324162,-14.607534,15.441825,-41.395725,-15.081006,14.742085,-41.645123,-15.202847,14.653998,-41.528114,-14.4718,15.182517,-41.484436,-14.710627,14.376163,-41.821075,-14.799788,14.255792,-41.719593,-14.264824,14.978033,-41.582756,-14.240942,14.136196,-42.000881,-14.28866,13.99465,-41.915268,-14.002352,14.843931,-41.683228,-13.700138,14.050022,-42.171173,-13.700138,13.900871,-42.100578,-13.700138,14.795775,-41.778389,-13.159332,14.136198,-42.308121,-13.111614,13.994651,-42.249626,-13.397923,14.843933,-41.854927,-12.68965,14.376166,-42.395142,-12.600489,14.255794,-42.344307,-13.135452,14.978035,-41.903553,-12.319268,14.742084,-42.429596,-12.197428,14.653997,-42.381798,-12.928475,15.182516,-41.922802,-12.076377,15.206111,-42.408871,-11.933104,15.158967,-42.359253,-12.792744,15.441827,-41.911228,-11.989148,15.740398,-42.330334,-11.838178,15.740398,-42.273781,-12.743996,15.740398,-41.867336,-12.076374,16.274689,-42.202255,-11.933101,16.321831,-42.134399,-12.792741,16.038971,-41.795761,-12.319269,16.738712,-42.04353,-12.197429,16.826799,-41.96167,-12.928476,16.298279,-41.707066,-12.68965,17.104631,-41.867577,-12.600489,17.225004,-41.770195,-13.135454,16.502766,-41.608742,-13.159334,17.344601,-41.687771,-13.111616,17.486149,-41.574528,-13.397924,16.636864,-41.508255,-13.700138,17.430775,-41.51749,-13.700138,17.579926,-41.389217,-13.700138,16.68502,-41.413097,-14.240943,17.344597,-41.380539,-14.288661,17.486145,-41.240173,-14.002352,16.636862,-41.336567,-14.710628,17.104631,-41.293522,-14.799788,17.225004,-41.145477,-14.264824,16.502764,-41.287941,-15.081008,16.738712,-41.259068,-15.20285,16.826801,-41.107994,-14.471801,16.298283,-41.268684,-15.323903,16.274691,-41.279804,-15.467177,16.321835,-41.130554,-14.607536,16.038975,-41.280277],
  "indices" : [0,1,2,3,0,2,1,4,5,5,2,1,3,2,6,6,7,3,2,5,8,8,6,2,7,6,9,9,10,7,6,8,11,11,9,6,10,9,12,12,13,10,9,11,14,14,12,9,13,12,15,15,16,13,12,14,17,17,15,12,16,15,18,18,19,16,15,17,20,20,18,15,19,18,21,21,22,19,18,20,23,23,21,18,22,21,24,24,25,22,21,23,26,26,24,21,25,24,27,27,28,25,24,26,29,29,27,24,28,27,30,30,31,28,27,29,32,32,30,27,31,30,33,33,34,31,30,32,35,35,33,30,34,33,36,36,37,34,33,35,38,38,36,33,37,36,39,39,40,37,36,38,41,41,39,36,40,39,42,42,43,40,39,41,44,44,42,39,43,42,45,45,46,43,42,44,47,47,45,42,46,45,48,48,49,46,45,47,50,50,48,45,49,48,51,51,52,49,48,50,53,53,51,48,52,51,54,54,55,52,51,53,56,56,54,51,55,54,57,57,58,55,54,56,59,59,57,54,58,57,1,1,0,58,57,59,4,4,1,57],
  "Ni" : 1.00000,
  "Ka" : [0.00000,0.00000,0.00000],
  "d" : 1.00000,
  "Kd" : [0.15214,0.00000,0.00513],
  "illum" : 2,
  "Ks" : [0.50000,0.50000,0.50000],
  "Ns" : 96.07843
}