{
  "alias" : "Mesh.163_SKYLINE_GTR_BLK-PARTS_front-glas_inner",
  "vertices" : [2.846426,17.359201,19.100872,-0.674296,17.366207,19.267757,-0.674296,17.245268,20.510677,2.845664,17.236942,20.394882,13.639008,17.119377,16.775112,13.376745,17.160027,15.948109,12.760208,17.198298,16.389004,12.964745,17.145428,17.572021,12.066095,17.241278,16.819923,12.186113,17.166876,18.195625,11.306534,17.269201,17.196239,11.297546,17.189459,18.629089,9.011251,17.307392,17.990288,9.010565,17.20009,19.462563,6.133078,17.338495,18.650108,6.126982,17.219112,20.05299,13.705767,17.139471,15.682975,14.027441,17.106764,16.046921,14.240789,17.104622,15.063692,13.964096,17.12315,15.442995,-14.313337,17.145428,17.572021,-14.108801,17.198298,16.389004,-14.725338,17.160027,15.948109,-14.9876,17.119377,16.775112,-13.534706,17.166876,18.195625,-13.414688,17.241278,16.819923,-12.646139,17.189459,18.629089,-12.655127,17.269201,17.196239,-10.359158,17.20009,19.462563,-10.359844,17.307392,17.990288,-7.475575,17.219112,20.05299,-7.481671,17.338495,18.650108,-4.194257,17.236942,20.394882,-4.195019,17.359201,19.100872,-15.376034,17.106764,16.046921,-15.054359,17.139471,15.682975,-15.312689,17.12315,15.442995,-15.589382,17.104622,15.063692],
  "indices" : [0,1,2,3,0,2,4,5,6,6,7,4,7,6,8,8,9,7,9,8,10,10,11,9,11,10,12,12,13,11,13,12,14,14,15,13,14,0,15,0,3,15,16,5,4,4,17,16,17,18,19,19,16,17,20,21,22,22,23,20,24,25,21,21,20,24,26,27,25,25,24,26,28,29,27,27,26,28,30,31,29,29,28,30,32,33,31,31,30,32,34,23,22,22,35,34,36,37,34,34,35,36,2,1,33,33,32,2],
  "Ni" : 1.00000,
  "Ka" : [0.00000,0.00000,0.00000],
  "d" : 1.00000,
  "Kd" : [0.06971,0.06971,0.06971],
  "illum" : 2,
  "Ks" : [0.50000,0.50000,0.50000],
  "Ns" : 96.07843
}