{
  "alias" : "Mesh.010_SKYLINE_GTR_BODY_door-mirro_Group09_Entity35_Danel_4",
  "vertices" : [-15.395347,18.428246,11.412852,-14.652452,20.010601,9.127722,-15.442847,18.359978,10.800661,-16.000023,17.022099,13.324969,-16.057426,16.917828,12.198006,-15.476811,18.308502,10.207867,-16.096088,16.840469,11.104234,-15.498742,18.269812,9.561828,-16.119345,16.783457,9.92433,-15.120893,18.269812,9.561828,-14.274603,20.010601,9.127722,-15.741496,16.783457,9.92433,-15.017497,18.428246,11.412852,-15.622175,17.022099,13.324969],
  "indices" : [0,1,2,3,0,4,4,0,2,2,1,5,4,2,6,5,6,2,5,1,7,6,5,8,7,8,5,7,1,9,10,9,1,8,7,11,9,11,7,9,10,12,11,9,13,12,13,9],
  "Ni" : 1.00000,
  "Ka" : [0.00000,0.00000,0.00000],
  "d" : 1.00000,
  "Kd" : [0.64000,0.64000,0.64000],
  "illum" : 2,
  "Ks" : [0.50000,0.50000,0.50000],
  "Ns" : 96.07843
}