{
  "alias" : "Mesh.118_SKYLINE_GTR_LIGHT-etc_rear-lamp_Entity95_Carmat_Gloss",
  "vertices" : [-4.480626,9.203614,-44.439552,-6.308221,9.201626,-44.350063,-6.308221,10.464437,-44.429607,-4.498525,10.462448,-44.5191,-4.253908,10.462448,-43.245861,-4.253802,9.205602,-43.356625,-7.338357,10.468413,-44.350063,-7.338357,9.201626,-44.290401],
  "indices" : [0,1,2,3,0,2,3,4,5,5,0,3,6,2,1,1,7,6],
  "Ni" : 1.00000,
  "Ka" : [0.00000,0.00000,0.00000],
  "d" : 1.00000,
  "Kd" : [0.64000,0.64000,0.64000],
  "illum" : 2,
  "Ks" : [0.50000,0.50000,0.50000],
  "Ns" : 96.07843
}