{
  "alias" : "Mesh.002_SKYLINE_GTR_INTERIOR_back-mirro_Entity164_Danel_4",
  "vertices" : [-0.922881,24.09284,5.337067,-0.425712,24.09284,5.337067,-0.425712,24.391142,4.790181,-0.922881,24.391142,4.790181,-0.425712,23.943689,5.138199,-0.425712,24.241991,4.392446,-0.922881,23.943689,5.138199,-0.922881,24.241991,4.392446,-0.922881,23.396803,5.337067,-0.425712,23.396803,5.337067,-0.425712,23.396803,5.138199,-0.922881,23.396803,5.138199],
  "indices" : [0,1,2,3,0,2,1,4,5,5,2,1,4,6,7,7,5,4,6,0,3,3,7,6,8,9,1,1,0,8,9,10,4,4,1,9,10,11,6,6,4,10,8,0,11,0,6,11],
  "Ni" : 1.00000,
  "Ka" : [0.00000,0.00000,0.00000],
  "d" : 1.00000,
  "Kd" : [0.64000,0.64000,0.64000],
  "illum" : 2,
  "Ks" : [0.50000,0.50000,0.50000],
  "Ns" : 96.07843
}