{
  "alias" : "Mesh.055_SKYLINE_GTR_INTERIOR_handle_Entity162_Carmat_Gloss_3",
  "vertices" : [-5.962005,15.3946,6.681396,-6.796456,15.29388,6.669599,-6.021024,15.423387,6.404513,-6.825254,15.29945,6.349636,-5.147429,15.399697,6.65085,-5.245699,15.408226,6.397801,-4.570171,15.304379,6.593741,-4.592196,15.259328,6.33187,-5.924667,15.620889,6.873608,-6.871024,15.560435,6.912437,-4.97831,15.681348,6.834781,-4.548147,15.70883,6.817132,-5.838462,15.920302,6.914151,-6.681903,15.92686,6.949849,-5.054642,15.987313,6.911019,-4.548147,16.111391,6.951053,-5.817299,16.186626,6.742441,-6.626348,16.240122,6.766127,-5.09497,16.240122,6.766127,-4.548147,16.400618,6.837188,-5.888877,16.27466,6.566332,-6.669708,16.340223,6.548776,-5.136954,16.282087,6.584903,-4.548147,16.369247,6.605229,-5.960456,16.003298,6.428705,-6.713069,16.080933,6.369898,-5.178938,15.964655,6.442161,-4.548147,15.978476,6.411753,-5.99074,15.656672,6.292718,-6.769162,15.63352,6.235876,-5.212318,15.62977,6.296085,-4.570171,15.562231,6.247922],
  "indices" : [0,1,2,3,2,1,4,0,5,5,0,2,6,4,7,5,7,4,9,0,8,1,0,9,10,8,4,0,4,8,11,10,6,4,6,10,12,13,8,9,8,13,14,12,10,8,10,12,15,14,11,10,11,14,16,17,12,13,12,17,18,16,14,12,14,16,19,18,15,14,15,18,20,21,16,17,16,21,22,20,18,16,18,20,23,22,19,18,19,22,24,25,20,21,20,25,26,24,22,20,22,24,27,26,23,22,23,26,28,29,24,25,24,29,30,28,26,24,26,28,31,30,27,26,27,30,2,3,28,29,28,3,5,2,30,28,30,2,7,5,31,30,31,5],
  "Ni" : 1.00000,
  "Ka" : [0.00000,0.00000,0.00000],
  "d" : 1.00000,
  "Kd" : [0.64000,0.64000,0.64000],
  "illum" : 2,
  "Ks" : [0.50000,0.50000,0.50000],
  "Ns" : 96.07843
}