{
  "alias" : "Mesh.008_SKYLINE_GTR_BOTTOM_tire-house_Entity107_inner",
  "vertices" : [-17.57806,2.442047,35.358604,-17.781822,6.127454,35.232471,-10.617687,6.142676,35.232841,-10.617687,2.442047,35.358604,-17.93145,8.496868,34.609604,-10.617685,8.50411,34.610527,-17.945965,10.307392,33.425339,-10.617687,10.307392,33.425339,-17.954441,11.466894,31.966839,-10.617687,11.485395,31.966801,-17.947441,12.341285,30.15427,-10.617687,12.340592,30.154251,-17.95591,12.695419,27.831245,-10.617687,12.695419,27.831245,-17.954071,12.463004,25.700176,-10.617687,12.481797,25.70071,-17.957756,11.744169,23.671394,-10.61769,11.741996,23.671329,-17.95591,10.366235,21.915817,-10.617687,10.366235,21.915817,-17.924614,8.504698,20.690929,-10.617687,8.501965,20.689781,-17.740292,6.134771,20.007694,-10.61769,6.130092,20.007027,-17.160439,4.010514,19.796814,-10.617687,4.010514,19.796814,-10.617687,3.191829,19.794758,-16.265533,3.191829,19.794758],
  "indices" : [0,1,2,3,0,2,1,4,5,5,2,1,4,6,7,7,5,4,6,8,9,9,7,6,8,10,11,11,9,8,10,12,13,13,11,10,12,14,15,15,13,12,14,16,17,17,15,14,16,18,19,19,17,16,18,20,21,21,19,18,20,22,23,23,21,20,22,24,25,25,23,22,23,25,3,3,2,23,21,23,2,2,5,21,19,21,5,5,7,19,17,19,7,7,9,17,11,13,15,15,17,9,9,11,15,26,25,24,24,27,26,3,25,26],
  "Ni" : 1.00000,
  "Ka" : [0.00000,0.00000,0.00000],
  "d" : 1.00000,
  "Kd" : [0.06971,0.06971,0.06971],
  "illum" : 2,
  "Ks" : [0.50000,0.50000,0.50000],
  "Ns" : 96.07843
}