{
  "alias" : "Mesh.004_SKYLINE_GTR_INTERIOR_back-mirro_Entity166_a6-wheel-discs",
  "vertices" : [-2.757659,23.411198,5.049865,-2.523152,23.587547,5.049865,-2.956527,22.500353,5.049865,-2.722019,22.274286,5.049865,1.160537,23.587547,5.049865,1.359405,22.274286,5.049865,1.593912,22.500353,5.049865,1.395044,23.411198,5.049865],
  "indices" : [0,1,2,3,2,1,1,4,3,5,3,4,6,5,7,4,7,5],
  "Ni" : 1.00000,
  "Ka" : [0.00000,0.00000,0.00000],
  "d" : 1.00000,
  "Kd" : [0.64000,0.64000,0.64000],
  "illum" : 2,
  "Ks" : [0.50000,0.50000,0.50000],
  "Ns" : 96.07843
}