{
  "alias" : "Mesh.176_SKYLINE_GTR_BODY_door-mirro_Group10_Entity39_a6-wheel-discs_2",
  "vertices" : [-17.953125,17.321142,9.323852,-18.856792,17.425514,8.99195,-18.683441,19.745438,9.077394,-17.790531,19.754227,9.429151,-17.268536,19.739346,9.635015,-16.943317,19.710901,9.763303,-16.99012,18.480654,9.714746,-17.035759,17.281082,9.667401,-19.031593,19.715914,8.941269,-19.477329,18.558807,8.778885,-19.416958,19.616585,8.791536,-19.532974,17.583895,8.767225,-19.953892,19.078918,8.572958,-19.794601,19.365946,8.634739,-19.819439,17.747828,8.660885,-20.04398,18.045471,8.578102,-20.075859,18.519138,8.550636,-16.660145,19.551643,9.874979,-16.465309,19.318434,9.947412,-16.313042,18.99968,9.996761,-16.200836,18.46673,10.014774,-16.303295,17.634415,9.952611,-16.627075,17.34869,9.82305,-16.184185,18.01922,10.003112],
  "indices" : [0,1,2,3,0,2,0,3,4,4,5,6,7,0,6,0,4,6,8,2,1,9,10,8,8,1,11,11,9,8,12,13,10,10,9,12,9,11,14,14,15,9,15,16,12,12,9,15,6,5,17,17,18,6,6,18,19,19,20,6,21,22,7,7,6,21,6,20,23,23,21,6],
  "Ni" : 1.00000,
  "Ka" : [0.00000,0.00000,0.00000],
  "d" : 1.00000,
  "Kd" : [0.64000,0.64000,0.64000],
  "illum" : 2,
  "Ks" : [0.50000,0.50000,0.50000],
  "Ns" : 96.07843
}