{
  "alias" : "Mesh.026_SKYLINE_GTR_BODY_headlight-_Group06_Entity23_a6-wheel-discs_2",
  "vertices" : [12.590968,10.71239,39.691479,12.289579,10.902532,38.440506,9.968429,10.66758,39.691479,10.23091,10.859127,38.489586,11.77054,11.358939,37.354782,10.761871,11.341703,37.354782,11.587801,12.29028,37.354786,11.953291,12.858331,38.476501,10.809861,12.214252,37.354786,10.335233,12.71069,38.465775,12.115848,13.13388,39.691483,10.093202,12.936206,39.691483,10.672109,12.060048,37.354786,10.057551,12.385577,38.478252,10.596723,11.870209,37.354786,9.87995,11.971811,38.49754,10.594437,11.671885,37.354782,9.874047,11.582445,38.500011,10.65318,11.492187,37.354782,10.012211,11.18128,38.493683,9.812391,10.8501,39.691479,9.685833,11.058834,39.691479,9.59174,11.286559,39.691479,9.533097,11.526049,39.691479,9.512885,11.770071,39.691483,9.539042,12.041699,39.691483,9.614568,12.298086,39.691483,9.735047,12.535277,39.691483,9.896065,12.749307,39.691483,11.795835,12.125758,37.354786,12.342812,12.511329,38.456985,11.91296,11.896754,37.354786,12.570921,12.021255,38.426823,11.921897,11.676636,37.354782,12.587479,11.592373,38.423077,11.868955,11.504795,37.354782,12.477865,11.21204,38.433659,12.732413,10.890144,39.691479,12.846843,11.091614,39.691479,12.931716,11.309972,39.691479,12.984499,11.538401,39.691479,13.002656,11.770071,39.691483,12.961258,12.110704,39.691483,12.842985,12.42538,39.691483,12.656732,12.70612,39.691483,12.41139,12.944947,39.691483,11.245841,11.782918,37.354786],
  "indices" : [0,1,2,3,2,1,1,4,3,5,3,4,6,7,8,9,8,7,7,10,9,11,9,10,8,9,12,13,12,9,12,13,14,15,14,13,14,15,16,17,16,15,16,17,18,19,18,17,18,19,5,3,5,19,2,3,20,21,20,19,3,19,20,21,19,22,23,22,17,19,17,22,23,17,24,25,24,15,17,15,24,25,15,26,27,26,13,15,13,26,27,13,28,11,28,9,13,9,28,29,30,6,7,6,30,31,32,29,30,29,32,33,34,31,32,31,34,35,36,33,34,33,36,4,1,35,36,35,1,0,37,1,36,1,38,37,38,1,38,39,36,34,36,40,39,40,36,40,41,34,32,34,42,41,42,34,42,43,32,30,32,44,43,44,32,44,45,30,7,30,10,45,10,30,12,14,8,46,8,14,16,18,14,46,14,18,18,5,46,5,4,46,4,35,46,33,31,35,46,35,31,8,46,6,29,6,31,46,31,6],
  "Ni" : 1.00000,
  "Ka" : [0.00000,0.00000,0.00000],
  "d" : 1.00000,
  "Kd" : [0.64000,0.64000,0.64000],
  "illum" : 2,
  "Ks" : [0.50000,0.50000,0.50000],
  "Ns" : 96.07843
}