{
  "alias" : "Mesh.130_SKYLINE_GTR_BODY_Entity157_handles",
  "vertices" : [-5.650342,9.568165,17.841137,-5.650342,13.155541,16.600664,-0.674296,9.568165,17.839272,-9.787414,13.750653,16.230095,-9.787414,16.379755,15.190335,-5.650342,13.750653,16.276705,-5.650342,16.411297,15.234393,-9.787414,13.432182,16.34721,-5.650342,13.42678,16.392023,-9.787414,13.162933,16.556517,-9.787414,9.568165,17.794525,-0.674296,13.750653,16.274841,-0.674296,16.420553,15.231369,4.301749,13.750653,16.276705,4.301749,16.411297,15.234393,-0.674296,13.424323,16.389339,4.301749,13.42678,16.392023,-0.674296,13.152182,16.597681,4.301749,13.155541,16.600664,4.301749,9.568165,17.841137,-0.674296,4.589012,19.755024,4.301749,4.589012,19.756889,-9.787414,4.589012,19.710281,-5.650342,4.589012,19.756889,-13.0967,13.750653,16.056707,-13.0967,16.320265,15.019496,-13.0967,13.437585,16.175623,-13.0967,13.170327,16.38559,8.438821,13.750653,16.230095,8.438821,16.379755,15.190335,8.438821,13.432182,16.34721,8.438821,13.162933,16.556517,8.438821,9.568165,17.794525,8.438821,4.589012,19.710281,-13.0967,9.568165,17.62114,-13.0967,4.589012,19.536892,-15.589382,13.750654,15.678237,-15.589382,16.227165,14.642183,-15.589382,13.440041,15.797972,11.748107,13.750653,16.056707,11.748107,16.320265,15.019496,11.748107,13.437585,16.175623,11.748107,13.170327,16.38559,11.748107,9.568165,17.62114,11.748107,4.589012,19.536892,-15.589381,13.173687,16.00824,-15.589382,9.568165,17.242668,-15.589382,4.589012,19.158421,14.240789,13.750654,15.678237,14.240789,16.227165,14.642183,14.240789,13.440041,15.797972,14.240788,13.173687,16.00824,14.240789,9.568165,17.242668,14.240789,4.589012,19.158421],
  "indices" : [0,1,2,3,4,5,6,5,4,7,3,8,5,8,3,9,7,1,8,1,7,9,0,10,11,12,13,14,13,12,15,11,16,13,16,11,17,15,18,16,18,15,2,17,19,18,19,17,20,2,21,19,21,2,1,0,9,22,10,23,0,23,10,24,25,3,4,3,25,26,24,7,3,7,24,27,26,9,13,14,28,29,28,14,16,13,30,28,30,13,18,16,31,30,31,16,19,18,32,31,32,18,21,19,33,32,33,19,7,9,26,34,27,10,9,10,27,35,34,22,10,22,34,36,37,24,25,24,37,38,36,26,28,29,39,40,39,29,30,28,41,39,41,28,31,30,42,41,42,30,32,31,43,42,43,31,33,32,44,43,44,32,24,26,36,45,38,27,26,27,38,46,45,34,27,34,45,47,46,35,34,35,46,17,2,1,39,40,48,49,48,40,41,39,50,48,50,39,42,41,51,50,51,41,43,42,52,51,52,42,44,43,53,52,53,43,23,0,20,20,0,2,12,11,6,5,6,11,11,15,5,8,5,15,15,17,8,1,8,17],
  "Ni" : 1.00000,
  "Ka" : [0.00000,0.00000,0.00000],
  "d" : 1.00000,
  "Kd" : [0.00441,0.00000,0.12594],
  "illum" : 2,
  "Ks" : [0.50000,0.50000,0.50000],
  "Ns" : 96.07843
}