{
  "alias" : "Mesh.001_SKYLINE_GTR_INTERIOR_back-mirro_Entity165_Carmat_Gloss_3",
  "vertices" : [-0.681307,22.93092,5.518885,-2.956527,22.500353,5.331276,-2.722019,22.274286,5.331276,-2.757659,23.411196,5.331276,-2.523152,23.587545,5.331276,1.160537,23.587545,5.331276,1.395044,23.411196,5.331276,1.593912,22.500353,5.331276,1.359405,22.274286,5.331276,-2.956527,22.500353,5.049865,-2.722019,22.274286,5.049865,-2.757659,23.411196,5.049866,-2.523152,23.587545,5.049866,1.160537,23.587545,5.049866,1.395044,23.411196,5.049866,1.593912,22.500353,5.049865,1.359405,22.274286,5.049865],
  "indices" : [0,1,2,0,3,1,0,4,3,0,5,4,0,6,5,0,7,6,0,8,7,0,2,8,2,1,9,9,10,2,1,3,11,11,9,1,3,4,12,12,11,3,4,5,13,13,12,4,5,6,14,14,13,5,6,7,15,15,14,6,7,8,16,16,15,7,8,2,10,10,16,8],
  "Ni" : 1.00000,
  "Ka" : [0.00000,0.00000,0.00000],
  "d" : 1.00000,
  "Kd" : [0.64000,0.64000,0.64000],
  "illum" : 2,
  "Ks" : [0.50000,0.50000,0.50000],
  "Ns" : 96.07843
}