{
  "alias" : "Mesh.171_SKYLINE_GTR_OTHERS_wiper_Group16_Entity147_rubber2",
  "vertices" : [-11.843397,17.431881,18.144112,-12.462676,17.325329,18.299301,-12.507111,17.542864,18.39854,-11.854044,17.648916,18.248016,-11.911796,17.181604,18.657974,-11.922448,17.39863,18.761871,-6.814949,17.371941,19.369862,-6.804304,17.1549,19.265953,-6.755036,17.361105,18.843678,-6.765684,17.578136,18.947571],
  "indices" : [0,1,2,3,0,2,1,4,5,5,2,1,3,2,5,6,7,8,8,9,6,7,6,5,5,4,7,3,5,6,6,9,3,0,3,9,8,0,9],
  "Ni" : 1.00000,
  "Ka" : [0.00000,0.00000,0.00000],
  "d" : 1.00000,
  "Kd" : [0.01073,0.01073,0.01073],
  "illum" : 2,
  "Ks" : [0.50000,0.50000,0.50000],
  "Ns" : 96.07843
}