{
  "alias" : "Mesh.006_SKYLINE_GTR_INTERIOR_B-pillar_Entity170_Carmat_Gloss_2",
  "vertices" : [-12.301475,22.598476,-7.624541,-11.064102,24.616051,-7.090128,-12.981512,22.598476,-7.624541,-11.946805,24.138767,-7.229335,-13.182116,21.009306,-8.019748,-13.940311,21.009306,-8.019748,-13.996245,19.385693,-8.414949,-14.834291,19.385693,-8.414949,-14.954528,16.986378,-8.969249,-15.674541,17.742075,-8.810156,-12.288136,22.62874,-8.730709,-11.059897,24.619841,-8.096454,-13.162473,21.063078,-9.225762,-13.973866,19.457123,-9.720811,-14.933728,17.066725,-10.374958,-12.96669,22.62874,-8.730709,-11.942415,24.142557,-8.235662,-13.918025,21.063078,-9.225762,-14.808399,19.457123,-9.720811,-15.649789,17.822422,-10.215863],
  "indices" : [0,1,2,3,2,1,4,0,5,5,0,2,6,4,7,5,7,4,8,6,9,7,9,6,11,0,10,1,0,11,12,10,4,0,4,10,13,12,6,4,6,12,14,13,8,6,8,13,15,16,10,11,10,16,17,15,12,10,12,15,18,17,13,12,13,17,19,18,14,13,14,18],
  "Ni" : 1.00000,
  "Ka" : [0.00000,0.00000,0.00000],
  "d" : 1.00000,
  "Kd" : [0.64000,0.64000,0.64000],
  "illum" : 2,
  "Ks" : [0.50000,0.50000,0.50000],
  "Ns" : 96.07843
}