{
  "alias" : "Mesh.089_SKYLINE_GTR_BODY_headlight-_Group07_Entity27_a6-wheel-discs_2",
  "vertices" : [-13.943314,13.272261,39.376827,-14.383287,13.296817,39.275707,-13.369943,13.036101,39.157013,-13.019222,13.016526,39.237625,-14.82629,13.183805,39.212265,-13.723078,12.946017,39.106441,-15.219554,12.943471,39.194954,-14.036565,12.754436,39.09264,-15.510306,12.586057,39.232227,-14.268336,12.469526,39.122353,-15.645782,12.121808,39.332539,-14.376328,12.099454,39.202316,-15.645159,11.74138,39.43866,-14.375833,11.7962,39.286911,-15.580966,11.409455,39.544895,-14.324661,11.531609,39.37159,-15.455062,11.121526,39.652088,-14.224296,11.302087,39.457047,-15.269314,10.873089,39.761112,-14.07623,11.104049,39.543949,-15.025582,10.659636,39.87281,-13.881942,10.933896,39.632984],
  "indices" : [0,1,2,3,0,2,1,4,5,5,2,1,4,6,7,7,5,4,6,8,9,9,7,6,8,10,11,11,9,8,10,12,13,13,11,10,12,14,15,15,13,12,14,16,17,17,15,14,16,18,19,19,17,16,18,20,21,21,19,18],
  "Ni" : 1.00000,
  "Ka" : [0.00000,0.00000,0.00000],
  "d" : 1.00000,
  "Kd" : [0.64000,0.64000,0.64000],
  "illum" : 2,
  "Ks" : [0.50000,0.50000,0.50000],
  "Ns" : 96.07843
}