{
  "alias" : "Mesh.035_SKYLINE_GTR_LIGHT-etc_tail-lamp_Group15_Entity104_redGlass2",
  "vertices" : [-10.667404,15.342664,-42.332237,-10.617687,15.342664,-42.488186,-10.579668,15.115926,-42.531998,-10.62685,15.100811,-42.378983,-9.871933,15.342664,-42.590096,-10.473799,14.919007,-42.580013,-10.513924,14.890764,-42.430206,-10.312366,14.763721,-42.628529,-10.341727,14.725126,-42.481941,-10.107648,14.661886,-42.673847,-10.123363,14.6165,-42.530281,-9.871933,14.625318,-42.712303,-9.871933,14.577494,-42.571297,-9.636217,14.661887,-42.738289,-9.620503,14.616503,-42.59901,-9.4315,14.763722,-42.748917,-9.402139,14.725127,-42.610352,-9.270065,14.919007,-42.744511,-9.22994,14.890763,-42.605663,-9.164199,15.115928,-42.725449,-9.117016,15.100813,-42.585316,-9.126178,15.342664,-42.692005,-9.076462,15.342664,-42.549652,-9.164198,15.569402,-42.648193,-9.117016,15.584517,-42.502907,-9.270065,15.766321,-42.600166,-9.22994,15.794565,-42.451694,-9.4315,15.921606,-42.551651,-9.402139,15.960201,-42.399948,-9.636218,16.023441,-42.506336,-9.620503,16.068829,-42.351601,-9.871933,16.060011,-42.467884,-9.871933,16.107836,-42.310585,-10.107649,16.023439,-42.441906,-10.123363,16.068825,-42.282871,-10.312366,15.921604,-42.431274,-10.341728,15.960199,-42.271538,-10.4738,15.766321,-42.435673,-10.513925,15.794565,-42.27623,-10.579669,15.569403,-42.454762,-10.626852,15.584518,-42.296589],
  "indices" : [0,1,2,3,0,2,1,4,2,3,2,5,5,6,3,2,4,5,6,5,7,7,8,6,5,4,7,8,7,9,9,10,8,7,4,9,10,9,11,11,12,10,9,4,11,12,11,13,13,14,12,11,4,13,14,13,15,15,16,14,13,4,15,16,15,17,17,18,16,15,4,17,18,17,19,19,20,18,17,4,19,20,19,21,21,22,20,19,4,21,22,21,23,23,24,22,21,4,23,24,23,25,25,26,24,23,4,25,26,25,27,27,28,26,25,4,27,28,27,29,29,30,28,27,4,29,30,29,31,31,32,30,29,4,31,32,31,33,33,34,32,31,4,33,34,33,35,35,36,34,33,4,35,36,35,37,37,38,36,35,4,37,38,37,39,39,40,38,37,4,39,40,39,1,1,0,40,39,4,1],
  "Ni" : 1.00000,
  "Ka" : [0.00000,0.00000,0.00000],
  "d" : 1.00000,
  "Kd" : [0.26745,0.00000,0.00000],
  "illum" : 2,
  "Ks" : [0.50000,0.50000,0.50000],
  "Ns" : 96.07843
}