{
  "alias" : "Mesh.138_SKYLINE_GTR_INTERIOR_C-pillar_Entity172_Carmat_Gloss_2",
  "vertices" : [-13.85129,21.053318,-17.48457,-12.864893,21.050167,-17.79126,-13.267951,22.094036,-15.989064,-12.288177,22.084278,-16.319637,-12.271912,21.987871,-21.259735,-11.492706,21.984848,-20.774277,-12.675459,21.105404,-22.887775,-11.950102,21.109829,-22.464653,-14.448218,19.939793,-18.949898,-13.461497,19.936508,-19.223106,-13.076262,20.097641,-24.598015,-12.347837,20.095602,-24.015823,-13.389905,19.359791,-26.149673,-12.725686,19.359791,-25.666424,-13.497293,18.981943,-27.209641,-12.904667,18.981943,-26.780083,-13.407804,18.683643,-28.382961,-12.88478,18.683641,-27.893745,-13.145296,18.574265,-29.222183,-12.745573,18.584208,-28.609669,-14.826207,19.248312,-19.750191,-13.859233,19.240471,-20.018581,-15.221787,18.538094,-20.123779,-14.197308,18.544432,-20.396427,-15.375599,18.216127,-19.930962,-14.435948,18.206358,-20.197559,-15.554358,18.000849,-19.321201,-14.61493,18.00749,-19.620842,-12.551728,23.275236,-14.232215,-11.472819,23.337145,-14.728695,-11.379199,23.626959,-18.228405,-10.637574,23.635448,-17.711712,-11.028631,23.90415,-17.71096,-10.605476,24.06111,-17.55677,-10.130882,24.137392,-17.532722,-12.203707,23.839264,-13.10464,-10.816555,24.11273,-13.505658,-12.002673,24.191301,-11.925047,-10.458592,24.719276,-12.143414,-11.921686,24.40723,-10.647826,-10.458592,24.838598,-10.671791],
  "indices" : [0,1,2,3,2,1,4,5,6,7,6,5,1,7,3,5,3,7,9,0,8,1,0,9,6,7,10,11,10,7,1,9,7,11,7,9,10,11,12,13,12,11,12,13,14,15,14,13,14,15,16,17,16,15,16,17,18,19,18,17,20,21,8,9,8,21,22,23,20,21,20,23,24,25,22,23,22,25,26,27,24,25,24,27,9,21,11,13,11,21,21,23,13,15,13,23,23,25,15,17,15,25,25,27,17,19,17,27,2,3,28,29,28,3,30,31,4,5,4,31,5,31,3,29,3,31,30,32,31,32,33,31,33,34,31,28,29,35,36,35,29,35,36,37,38,37,36,37,38,39,40,39,38,38,36,34,31,34,29,36,29,34],
  "Ni" : 1.00000,
  "Ka" : [0.00000,0.00000,0.00000],
  "d" : 1.00000,
  "Kd" : [0.64000,0.64000,0.64000],
  "illum" : 2,
  "Ks" : [0.50000,0.50000,0.50000],
  "Ns" : 96.07843
}