{
  "alias" : "Mesh.016_SKYLINE_GTR_BOTTOM_tire-house_Entity108_inner",
  "vertices" : [-17.2201,3.814985,-18.032581,-17.582954,6.210101,-18.159168,-10.299499,6.21537,-18.158981,-10.299499,3.814985,-18.032581,-17.941391,8.624356,-18.736511,-10.299497,8.621622,-18.735687,-18.025513,10.344557,-19.811913,-10.299499,10.344557,-19.811913,-18.043926,11.6269,-21.322842,-10.299499,11.625516,-21.322933,-18.026989,12.44311,-23.295887,-10.299499,12.432475,-23.295929,-18.025513,12.805711,-25.68586,-10.299499,12.805711,-25.68586,-18.033615,12.524711,-27.91095,-10.299499,12.533569,-27.911022,-18.007469,11.693668,-29.787125,-10.2995,11.691499,-29.78727,-17.985741,10.513533,-31.182987,-10.299499,10.513533,-31.182987,-17.855011,8.766238,-32.253475,-10.299499,8.773494,-32.25473,-17.551365,6.493902,-32.923023,-10.2995,6.489251,-32.923878,-17.100777,4.426453,-33.165421,-10.299499,4.426453,-33.165421],
  "indices" : [0,1,2,3,0,2,1,4,5,5,2,1,4,6,7,7,5,4,6,8,9,9,7,6,8,10,11,11,9,8,10,12,13,13,11,10,12,14,15,15,13,12,14,16,17,17,15,14,16,18,19,19,17,16,18,20,21,21,19,18,20,22,23,23,21,20,22,24,25,25,23,22,23,25,3,3,2,23,21,23,2,2,5,21,19,21,5,5,7,19,17,19,7,7,9,17,11,13,15,15,17,9,9,11,15],
  "Ni" : 1.00000,
  "Ka" : [0.00000,0.00000,0.00000],
  "d" : 1.00000,
  "Kd" : [0.06971,0.06971,0.06971],
  "illum" : 2,
  "Ks" : [0.50000,0.50000,0.50000],
  "Ns" : 96.07843
}