{
  "alias" : "Mesh.169_SKYLINE_GTR_OTHERS_wiper_Group16_Entity149_rubber2",
  "vertices" : [-1.521779,17.845778,18.646545,-7.817829,17.696648,18.133289,-1.539294,17.744915,18.848236,-7.81794,17.591757,18.344223,4.880423,17.710325,18.655018,4.880311,17.605448,18.865963,4.879684,17.567625,18.846767,4.878371,17.67421,18.634018,-1.538604,17.567574,18.760246,-1.522082,17.668604,18.559696],
  "indices" : [0,1,2,3,2,1,4,0,5,5,0,2,5,6,4,7,4,6,8,0,2,9,0,8,2,8,5,6,5,8,7,0,4,9,0,7,8,9,6,7,6,9,2,3,8,0,9,1,3,1,8,9,8,1],
  "Ni" : 1.00000,
  "Ka" : [0.00000,0.00000,0.00000],
  "d" : 1.00000,
  "Kd" : [0.01073,0.01073,0.01073],
  "illum" : 2,
  "Ks" : [0.50000,0.50000,0.50000],
  "Ns" : 96.07843
}