{
  "alias" : "Mesh.071_SKYLINE_GTR_INTERIOR_A-pillar_Entity168_Carmat_Gloss_2",
  "vertices" : [13.318013,17.201973,15.218225,13.903571,17.209858,15.533922,12.582358,19.022535,12.52325,13.160131,19.064369,12.777641,10.947581,22.278809,7.327373,11.530299,22.328533,7.547698,9.990437,23.710297,4.793736,10.562592,23.744785,5.044103,12.232674,21.90089,6.829511,13.024224,20.407047,9.232731,11.752609,22.043024,6.079832,12.592969,20.50544,8.572022,12.38561,20.759842,10.134192,11.801401,20.715384,9.899079,13.780738,18.798693,11.558161,13.369192,18.880711,11.006667,14.515263,17.082747,13.885091,14.095234,17.150982,13.467942,10.834169,23.511326,3.445935,11.393038,23.27331,4.269202,10.938397,23.904718,2.306184,11.080814,23.700876,3.125712,10.560541,23.952826,2.330207,10.314925,23.976603,4.557648,9.587283,23.973518,4.382503,9.687574,24.222069,4.2009,9.070227,24.21216,4.143862,14.002149,16.923653,16.056042,13.306111,16.923653,15.72791,14.618639,16.824219,14.156856,14.09164,16.824219,13.659685,13.554696,16.824219,13.659685,13.514922,17.152351,13.470761,12.789055,18.8825,11.0048,12.023414,20.503273,8.56867,11.138452,22.0445,6.082823,10.10434,23.516123,3.447824,9.716547,24.33148,2.354051],
  "indices" : [0,1,2,3,2,1,4,5,6,7,6,5,8,9,10,11,10,9,3,12,2,13,2,12,13,12,4,5,4,12,9,14,11,15,11,14,14,16,15,17,15,16,10,18,8,19,8,18,20,21,22,18,22,19,21,19,22,23,24,7,6,7,24,25,26,23,24,23,26,1,0,27,27,0,28,29,30,16,17,16,30,30,31,17,32,17,31,0,32,28,31,28,32,17,32,15,33,15,32,33,0,2,32,0,33,15,33,11,34,11,33,2,13,33,34,33,13,11,34,10,35,10,34,4,35,13,34,13,35,10,35,18,36,18,35,4,6,35,36,35,6,6,24,36,18,36,22,37,22,36,26,37,24,36,24,37],
  "Ni" : 1.00000,
  "Ka" : [0.00000,0.00000,0.00000],
  "d" : 1.00000,
  "Kd" : [0.64000,0.64000,0.64000],
  "illum" : 2,
  "Ks" : [0.50000,0.50000,0.50000],
  "Ns" : 96.07843
}