{
  "alias" : "Mesh.106_SKYLINE_GTR_INTERIOR_control_Carmat_Gloss_2",
  "vertices" : [1.856323,4.419484,-11.187434,1.30605,7.411795,-11.138176,1.304494,9.204572,-1.88258,1.856328,4.419483,-1.821769,0.801127,7.691335,-11.267199,0.801129,9.481148,-2.026584,-2.064162,7.691335,-11.267199,-2.064159,9.481148,-2.026584,-2.569083,7.411795,-11.138176,-2.567524,9.204572,-1.882585,-3.119356,4.419484,-11.187434,-3.119353,4.419483,-1.821769,1.304861,9.198898,7.202101,1.856326,4.418094,7.657093,0.801129,9.475443,7.058388,-2.064159,9.475443,7.058388,-2.567893,9.198898,7.202096,-3.119353,4.418094,7.657093,1.305742,12.207312,10.037562,2.254061,4.348759,9.804461,0.801129,12.512879,9.978177,-2.064159,12.512874,9.978177,-2.568769,12.207309,10.037556,-3.517089,4.348759,9.804456,1.306786,13.6527,14.104234,2.452927,4.392123,14.0884,0.801129,13.962187,14.133118,-2.064164,13.962189,14.133111,-2.569823,13.6527,14.104234,-3.715957,4.392123,14.0884],
  "indices" : [0,1,2,3,0,2,1,4,5,5,2,1,4,6,7,7,5,4,6,8,9,9,7,6,8,10,11,11,9,8,3,2,12,12,13,3,2,5,14,14,12,2,5,7,15,15,14,5,7,9,16,16,15,7,9,11,17,17,16,9,13,12,18,18,19,13,12,14,20,20,18,12,14,15,21,21,20,14,15,16,22,22,21,15,16,17,23,23,22,16,19,18,24,24,25,19,18,20,26,26,24,18,20,21,27,27,26,20,21,22,28,28,27,21,22,23,29,29,28,22],
  "Ni" : 1.00000,
  "Ka" : [0.00000,0.00000,0.00000],
  "d" : 1.00000,
  "Kd" : [0.64000,0.64000,0.64000],
  "illum" : 2,
  "Ks" : [0.50000,0.50000,0.50000],
  "Ns" : 96.07843
}