{
  "alias" : "Mesh.038_SKYLINE_GTR_BOTTOM_tire-house_Entity106",
  "vertices" : [16.234364,6.210101,-18.159172,15.871507,3.814985,-18.032581,8.950907,6.21537,-18.158981,8.950907,3.814985,-18.032581,16.5928,8.624356,-18.736515,8.950904,8.621622,-18.735687,16.676922,10.344557,-19.811913,8.950907,10.344557,-19.811913,16.695335,11.6269,-21.322842,8.950907,11.625516,-21.322937,16.678398,12.44311,-23.295887,8.950907,12.432475,-23.295933,16.676922,12.805711,-25.68586,8.950907,12.805711,-25.68586,16.685024,12.524711,-27.91095,8.950907,12.533569,-27.911022,16.658878,11.693668,-29.787125,8.95091,11.691499,-29.787273,16.637146,10.513533,-31.182987,8.950907,10.513533,-31.182987,16.506416,8.766238,-32.253475,8.950907,8.773494,-32.25473,16.202774,6.493902,-32.923023,8.95091,6.489251,-32.923878,15.752185,4.426453,-33.165421,8.950907,4.426453,-33.165421],
  "indices" : [0,1,2,3,2,1,4,0,5,5,0,2,6,4,7,5,7,4,8,6,9,7,9,6,10,8,11,9,11,8,12,10,13,11,13,10,14,12,15,13,15,12,16,14,17,15,17,14,18,16,19,17,19,16,20,18,21,19,21,18,22,20,23,21,23,20,24,22,25,23,25,22,25,23,3,2,3,23,23,21,2,5,2,21,21,19,5,7,5,19,19,17,7,9,7,17,13,11,15,17,15,9,11,9,15],
  "Ni" : 1.00000,
  "Ka" : [0.00000,0.00000,0.00000],
  "d" : 1.00000,
  "Kd" : [0.06971,0.06971,0.06971],
  "illum" : 2,
  "Ks" : [0.50000,0.50000,0.50000],
  "Ns" : 96.07843
}
