{
  "alias" : "Mesh.104_SKYLINE_GTR_BODY_door-glas0_Entity62_glass",
  "vertices" : [-12.71244,23.164227,-9.886919,-12.697117,23.145332,-11.013838,-13.796528,21.092646,-13.020758,-13.862986,21.048479,-11.361341,-12.666336,23.080168,-12.119487,-13.695167,21.114794,-14.67003,-14.895939,19.039957,-15.02768,-15.013533,18.93273,-12.835776,-14.723995,19.149424,-17.22057,-12.721775,23.15868,-9.235865,-13.898118,21.000999,-9.977356,-15.235504,18.524542,-13.120235,-15.108086,18.643862,-15.414943,-14.926183,18.763186,-17.721813,-12.41697,23.668386,-10.502442,-12.394368,23.749128,-9.479313,-12.439713,23.513084,-11.557675,-12.479836,23.366972,-12.149958,-12.585262,23.408562,-9.152268,-12.498808,23.56555,-9.162804,-12.415731,23.714109,-9.287529,-15.077942,18.835196,-10.718858,-15.274964,18.470982,-11.105086,-15.20828,18.595051,-10.886565,-15.291626,18.437883,-11.387716,-13.674655,21.087473,-16.007946,-14.434616,19.599779,-17.916084,-14.573231,19.34169,-18.099506,-14.687246,19.142424,-18.115555,-14.87694,18.834038,-17.944099,-14.790486,18.972677,-18.061401,-12.721386,22.883924,-13.297904,-12.577198,23.15983,-12.731185],
  "indices" : [0,1,2,3,0,2,1,4,5,5,2,1,3,2,6,6,7,3,2,5,8,8,6,2,9,0,3,3,10,9,11,7,6,6,12,11,12,6,8,8,13,12,1,0,14,0,15,14,16,4,1,1,14,16,17,4,16,0,9,18,19,0,18,19,20,15,15,0,19,21,10,3,3,7,21,22,23,21,21,7,22,7,11,24,24,22,7,8,5,25,25,26,8,8,26,27,27,28,8,29,13,8,8,28,30,30,29,8,31,25,5,5,4,31,4,17,32,32,31,4],
  "Ni" : 1.00000,
  "Ka" : [0.00000,0.00000,0.00000],
  "d" : 0.29213,
  "Kd" : [0.64000,0.64000,0.64000],
  "illum" : 2,
  "Ks" : [0.79214,0.79214,0.79214],
  "Ns" : 96.07843
}