{
  "alias" : "Mesh.144_SKYLINE_GTR_BODY_rear-bumpe_Entity47_Danel_4",
  "vertices" : [4.028927,5.600129,-42.667637,4.028927,5.478507,-42.819283,3.929494,5.438734,-41.476925,3.929494,5.560354,-41.325279,4.07522,5.439046,-42.868496,3.996828,5.399272,-41.526138,4.430652,5.439046,-42.868496,4.51382,5.399272,-41.526138,4.466437,5.470461,-42.829315,4.565871,5.430687,-41.486958,4.466437,5.600129,-42.667637,4.565871,5.560354,-41.325279,4.026821,5.655901,-42.713924,4.026821,5.534279,-42.876816,4.073559,5.494819,-42.92968,4.432415,5.494819,-42.92968,4.468544,5.526233,-42.887566,4.468544,5.655901,-42.713924,3.979211,7.10158,-43.214523,3.979211,6.979959,-43.366169,4.036024,6.940498,-43.415382,4.472236,6.940498,-43.415382,4.516154,6.971912,-43.376202,4.516154,7.10158,-43.214523],
  "indices" : [0,1,2,3,0,2,1,4,5,5,2,1,4,6,7,7,5,4,6,8,9,9,7,6,8,10,11,11,9,8,12,13,1,1,0,12,13,14,4,4,1,13,14,15,6,6,4,14,15,16,8,8,6,15,16,17,10,10,8,16,18,19,13,13,12,18,19,20,14,14,13,19,20,21,15,15,14,20,21,22,16,16,15,21,22,23,17,17,16,22,11,10,17,17,23,11,12,0,18,0,3,18],
  "Ni" : 1.00000,
  "Ka" : [0.00000,0.00000,0.00000],
  "d" : 1.00000,
  "Kd" : [0.64000,0.64000,0.64000],
  "illum" : 2,
  "Ks" : [0.50000,0.50000,0.50000],
  "Ns" : 96.07843
}