{
  "alias" : "Mesh.090_SKYLINE_GTR_BODY_headlight-_Group07_Entity26_a6-wheel-discs_2",
  "vertices" : [-13.638171,10.902532,38.440506,-13.93956,10.71239,39.691475,-11.31702,10.66758,39.691475,-11.579502,10.859127,38.489586,-13.119132,11.358939,37.354778,-12.110463,11.341703,37.354778,-13.301883,12.858331,38.476498,-12.936393,12.29028,37.354782,-12.158453,12.214252,37.354782,-11.683825,12.71069,38.465771,-13.464439,13.13388,39.691479,-11.441793,12.936206,39.691479,-12.0207,12.060048,37.354782,-11.406143,12.385577,38.478249,-11.945314,11.870209,37.354782,-11.228541,11.971811,38.49754,-11.943028,11.671885,37.354778,-11.222639,11.582445,38.500008,-12.001772,11.492187,37.354778,-11.360803,11.18128,38.493683,-11.160983,10.8501,39.691475,-11.034425,11.058834,39.691475,-10.940331,11.286559,39.691479,-10.881689,11.526049,39.691475,-10.861477,11.770071,39.691479,-10.887632,12.041699,39.691479,-10.96316,12.298086,39.691479,-11.083638,12.535277,39.691479,-11.244657,12.749307,39.691479,-13.691403,12.511329,38.456982,-13.144427,12.125758,37.354782,-13.919513,12.021255,38.426819,-13.261552,11.896754,37.354782,-13.93607,11.592373,38.423073,-13.270489,11.676636,37.354778,-13.826457,11.21204,38.433655,-13.217546,11.504795,37.354778,-14.081005,10.890144,39.691475,-14.195435,11.091614,39.691475,-14.280308,11.309972,39.691475,-14.333091,11.538401,39.691475,-14.351248,11.770071,39.691479,-14.30985,12.110704,39.691479,-14.191577,12.42538,39.691479,-14.005323,12.70612,39.691479,-13.759982,12.944947,39.691479,-12.594433,11.782918,37.354782],
  "indices" : [0,1,2,3,0,2,4,0,3,3,5,4,6,7,8,8,9,6,10,6,9,9,11,10,9,8,12,12,13,9,13,12,14,14,15,13,15,14,16,16,17,15,17,16,18,18,19,17,19,18,5,5,3,19,3,2,20,20,21,19,19,3,20,19,21,22,22,23,17,17,19,22,17,23,24,24,25,15,15,17,24,15,25,26,26,27,13,13,15,26,13,27,28,28,11,9,9,13,28,29,30,7,7,6,29,31,32,30,30,29,31,33,34,32,32,31,33,35,36,34,34,33,35,0,4,36,35,0,36,1,0,37,0,35,38,37,0,38,39,38,35,35,33,40,40,39,35,41,40,33,33,31,42,42,41,33,43,42,31,31,29,44,44,43,31,45,44,29,29,6,10,10,45,29,14,12,8,8,46,14,18,16,14,14,46,18,5,18,46,4,5,46,36,4,46,32,34,36,36,46,32,46,8,7,7,30,32,32,46,7],
  "Ni" : 1.00000,
  "Ka" : [0.00000,0.00000,0.00000],
  "d" : 1.00000,
  "Kd" : [0.64000,0.64000,0.64000],
  "illum" : 2,
  "Ks" : [0.50000,0.50000,0.50000],
  "Ns" : 96.07843
}