{
  "alias" : "Mesh.174_SKYLINE_GTR_INTERIOR_handle_Entity1600_Carmat_Gloss_3",
  "vertices" : [-6.872823,13.776908,7.751995,-7.971588,14.479404,8.014465,-6.872823,15.11503,8.251959,-7.224299,13.375489,7.602014,-8.718838,13.375489,7.602014,-9.070352,13.776908,7.751995,-9.070352,15.11503,8.251959,-8.718877,15.650167,8.451902,-7.224336,15.650167,8.451902,-6.650881,13.512794,7.87102,-6.650881,15.17088,8.490534,-7.073351,13.030288,7.690734,-8.869778,13.030288,7.690734,-9.292294,13.512794,7.87102,-9.292294,15.17088,8.490534,-8.869823,15.814113,8.730861,-7.073396,15.814113,8.730861,-6.500141,12.462375,10.584946,-6.500139,14.374855,11.253478,-6.970832,11.924802,10.384087,-8.972303,11.924802,10.384087,-9.443046,12.462375,10.584946,-9.443046,14.374855,11.253478,-8.972355,15.091499,11.521246,-6.970882,15.091499,11.521241],
  "indices" : [0,1,2,1,0,3,4,1,3,5,1,4,6,1,5,7,1,6,8,1,7,2,1,8,0,2,9,10,9,2,3,0,11,11,0,9,4,3,12,11,12,3,5,4,13,12,13,4,6,5,14,13,14,5,7,6,15,14,15,6,8,7,16,15,16,7,2,8,10,16,10,8,9,10,17,18,17,10,11,9,19,17,19,9,12,11,20,19,20,11,13,12,21,20,21,12,14,13,22,21,22,13,15,14,23,22,23,14,16,15,24,23,24,15,10,16,18,24,18,16],
  "Ni" : 1.00000,
  "Ka" : [0.00000,0.00000,0.00000],
  "d" : 1.00000,
  "Kd" : [0.64000,0.64000,0.64000],
  "illum" : 2,
  "Ks" : [0.50000,0.50000,0.50000],
  "Ns" : 96.07843
}