{
  "alias" : "Mesh.145_SKYLINE_GTR_LIGHT-etc_winker_Entity93_glassLight",
  "vertices" : [-17.517502,13.24371,17.40834,-17.536739,13.105837,17.269135,-17.740566,13.08408,17.318851,-17.721329,13.221952,17.458057,-17.580708,12.790703,17.269135,-17.770798,12.867425,17.318851,-17.599949,12.65283,17.40834,-17.790035,12.729553,17.458057,-17.599949,12.65283,18.521999,-17.790035,12.729553,18.472286,-17.580708,12.790703,18.661209,-17.770798,12.867425,18.611492,-17.536739,13.105837,18.661209,-17.740566,13.08408,18.611492,-17.517502,13.24371,18.521999,-17.721329,13.221952,18.472286,-17.755684,12.975753,17.965172],
  "indices" : [0,1,2,3,0,2,1,4,5,5,2,1,4,6,7,7,5,4,6,8,9,9,7,6,8,10,11,11,9,8,10,12,13,13,11,10,12,14,15,15,13,12,14,0,3,3,15,14,3,2,16,2,5,16,5,7,16,7,9,16,9,11,16,11,13,16,13,15,16,15,3,16],
  "Ni" : 1.00000,
  "Ka" : [0.00000,0.00000,0.00000],
  "d" : 0.49438,
  "Kd" : [0.64000,0.64000,0.64000],
  "illum" : 2,
  "Ks" : [0.50000,0.50000,0.50000],
  "Ns" : 96.07843
}