{
  "alias" : "Mesh.057_SKYLINE_GTR_OTHERS_wiper_Group17_Entity1500_rubber2",
  "vertices" : [-3.766858,17.328304,19.363232,-4.362466,17.275436,19.611019,-4.396627,17.511408,19.658916,-3.766912,17.564217,19.411793,-3.771781,17.211432,19.926868,-3.77184,17.447344,19.975433,1.371765,17.462351,19.969814,1.371814,17.226433,19.921257,1.368964,17.323124,19.458755,1.368913,17.559032,19.507313],
  "indices" : [0,1,2,3,0,2,1,4,5,5,2,1,3,2,5,6,7,8,8,9,6,7,6,5,5,4,7,3,5,6,6,9,3,0,3,9,8,0,9],
  "Ni" : 1.00000,
  "Ka" : [0.00000,0.00000,0.00000],
  "d" : 1.00000,
  "Kd" : [0.01073,0.01073,0.01073],
  "illum" : 2,
  "Ks" : [0.50000,0.50000,0.50000],
  "Ns" : 96.07843
}