{
  "alias" : "Mesh.081_SKYLINE_GTR_BODY_headlight-_Group02_Entity10_a6-wheel-discs_2",
  "vertices" : [7.256552,10.534027,44.462318,7.316214,10.534027,44.414589,7.284394,10.589711,40.858833,14.407839,10.689143,39.950008,14.401873,10.707042,39.353405,13.916636,10.657324,40.665936,13.916636,10.685165,39.46278,13.312078,10.627494,41.27248,13.312078,10.661301,39.572159,12.254101,10.583744,41.978458,12.256089,10.61954,39.780972,10.866003,10.563857,42.724213,10.867992,10.613574,40.059383,9.195514,10.553913,43.529629,9.197503,10.609596,40.389507,7.157119,10.557891,44.537888,7.196893,10.601642,40.89463,7.077572,10.613574,44.613461,7.129278,10.649369,40.91452,7.037798,10.689143,44.645279,7.093481,10.716986,40.946335,7.033821,10.808464,44.613461,7.087514,10.812442,40.934406,7.157119,11.347395,44.354931,7.204847,11.347395,40.785252,7.276439,11.816725,44.126236,7.312236,11.812747,40.628151,7.431556,12.415316,43.788162,7.45542,12.415316,40.419338,14.684264,10.720962,39.307667,7.72662,12.830191,43.458504,7.727869,12.826972,40.337807,9.4632,13.073962,42.292187,9.467962,13.075557,39.880409,11.184823,13.268044,41.106205,11.188169,13.264482,39.442898,12.601252,13.409265,40.000694,12.60013,13.413634,39.074997,13.100412,13.435802,39.582672,13.0973,13.433519,38.945728,13.551658,13.461907,39.197521,13.554696,13.46335,38.826408,13.98289,13.366577,38.855873,13.982262,13.363916,38.71703,14.27876,13.146063,38.673077,14.280563,13.147152,38.631519,7.511899,12.647991,43.623096,7.529,12.647991,40.377579,13.200953,12.095606,39.248055,14.374722,13.061288,38.626698,14.37602,13.059649,38.611629,14.467984,12.9294,38.589279,14.327547,12.202072,38.911114,14.565805,12.731462,38.567417,14.6771,12.293288,38.638088,14.696219,12.162268,38.702961,14.745711,11.54072,38.966797,14.764008,10.805085,39.274513,9.336003,11.872395,40.128803,12.562175,13.105388,39.152878,12.83648,10.642493,39.666203,12.287204,13.380577,39.156532],
  "indices" : [0,1,2,3,4,5,6,5,4,5,6,7,8,7,6,9,10,11,12,11,10,11,12,13,14,13,12,13,14,1,2,1,14,0,2,15,16,15,2,15,16,17,18,17,16,17,18,19,20,19,18,19,20,21,22,21,20,21,22,23,24,23,22,23,24,25,26,25,24,25,26,27,28,27,26,3,29,4,30,31,32,33,32,31,32,33,34,35,34,33,36,37,38,39,38,37,38,39,40,41,40,39,40,41,42,43,42,41,42,43,44,45,44,43,27,28,46,47,46,28,46,47,30,31,30,47,41,39,8,48,8,39,8,6,41,43,41,6,44,45,49,50,49,45,49,50,51,45,52,50,51,50,52,51,52,53,54,53,52,54,52,55,55,52,56,4,52,6,43,6,45,52,45,6,29,57,4,52,4,56,57,56,4,31,47,33,58,33,47,26,58,28,47,28,58,24,22,26,58,26,22,20,18,22,58,22,18,14,58,2,16,2,18,58,18,2,37,59,39,48,39,59,8,48,60,8,60,7,9,7,10,60,10,7,37,61,59,37,36,61,35,61,34,36,34,61],
  "Ni" : 1.00000,
  "Ka" : [0.00000,0.00000,0.00000],
  "d" : 1.00000,
  "Kd" : [0.64000,0.64000,0.64000],
  "illum" : 2,
  "Ks" : [0.50000,0.50000,0.50000],
  "Ns" : 96.07843
}