{
  "alias" : "Mesh.079_SKYLINE_GTR_Fahrgestell_Vorderrad_R_Bremsanlage1__lschlauchschr_Danel",
  "vertices" : [-13.788868,3.697063,25.640621,-13.790418,3.697593,25.612171,-13.845425,3.701156,25.640217,-13.81853,3.698985,25.655746,-13.797349,3.60168,25.610764,-13.852357,3.605244,25.638809,-13.795799,3.601151,25.639214,-13.825461,3.603073,25.654339,-13.757392,3.694521,25.658794,-13.732046,3.692879,25.645874,-13.738977,3.596967,25.644466,-13.764323,3.598609,25.657387,-13.755579,3.693902,25.692089,-13.728683,3.69173,25.707619,-13.735614,3.595818,25.706211,-13.762509,3.59799,25.690681,-13.78524,3.695823,25.707211,-13.783691,3.695294,25.735664,-13.790623,3.599381,25.734253,-13.792172,3.599911,25.705803,-13.816716,3.698365,25.689037,-13.842063,3.700007,25.701962,-13.848993,3.604095,25.700554,-13.823648,3.602453,25.68763,-14.909978,3.787587,24.993351,-14.911528,3.788117,24.964901,-14.966536,3.791681,24.992943,-14.93964,3.789509,25.008472,-14.918459,3.692204,24.963493,-14.973467,3.695768,24.991535,-14.916909,3.691675,24.991943,-14.946571,3.693596,25.007065,-14.878502,3.785045,25.01152,-14.853157,3.783403,24.998604,-14.860088,3.687491,24.997192,-14.885433,3.689133,25.010117,-14.876689,3.784425,25.044815,-14.849792,3.782254,25.060345,-14.856725,3.686342,25.058937,-14.88362,3.688513,25.043407,-14.90635,3.786347,25.05994,-14.904801,3.785818,25.08839,-14.911733,3.689905,25.086983,-14.913282,3.690435,25.058533,-14.937826,3.788889,25.041767,-14.963172,3.790531,25.054688,-14.970103,3.694618,25.05328,-14.944758,3.692976,25.040359],
  "indices" : [0,1,2,0,2,3,1,4,5,1,5,2,4,6,7,4,7,5,6,0,3,6,3,7,1,0,8,1,8,9,9,10,4,9,4,1,10,11,6,10,6,4,0,6,11,0,11,8,12,13,9,12,9,8,13,14,10,13,10,9,14,15,11,14,11,10,15,12,8,15,8,11,16,17,13,16,13,12,17,18,14,17,14,13,18,19,15,18,15,14,19,16,12,19,12,15,20,21,17,20,17,16,21,22,18,21,18,17,22,23,19,22,19,18,23,20,16,23,16,19,3,2,21,3,21,20,2,5,22,2,22,21,5,7,23,5,23,22,7,3,20,7,20,23,24,25,26,24,26,27,25,28,29,25,29,26,28,30,31,28,31,29,30,24,27,30,27,31,32,33,25,32,25,24,33,34,28,33,28,25,34,35,30,34,30,28,35,32,24,35,24,30,36,37,33,36,33,32,37,38,34,37,34,33,38,39,35,38,35,34,39,36,32,39,32,35,40,41,37,40,37,36,41,42,38,41,38,37,42,43,39,42,39,38,43,40,36,43,36,39,44,45,41,44,41,40,45,46,42,45,42,41,46,47,43,46,43,42,47,44,40,47,40,43,27,26,45,27,45,44,26,29,46,26,46,45,29,31,47,29,47,46,31,27,44,31,44,47],
  "Ni" : 1.00000,
  "Ka" : [0.00000,0.00000,0.00000],
  "d" : 1.00000,
  "Kd" : [0.64000,0.64000,0.64000],
  "illum" : 2,
  "Ks" : [0.50000,0.50000,0.50000],
  "Ns" : 96.07843
}