{
  "alias" : "Mesh.041_SKYLINE_GTR_BOTTOM_bottom-pla_Entity134_inner",
  "vertices" : [-15.987119,4.245835,-17.970245,14.638526,4.245835,-17.970245,14.638526,4.206056,19.655544,-15.987119,4.206056,19.655544],
  "indices" : [0,1,2,3,0,2],
  "Ni" : 1.00000,
  "Ka" : [0.00000,0.00000,0.00000],
  "d" : 1.00000,
  "Kd" : [0.06971,0.06971,0.06971],
  "illum" : 2,
  "Ks" : [0.50000,0.50000,0.50000],
  "Ns" : 96.07843
}