{
  "alias" : "Mesh.120_SKYLINE_GTR_LIGHT-etc_rear-lamp_Entity96_redGlass",
  "vertices" : [-0.674296,18.445,-42.343773,-0.674296,17.916012,-42.640793,-2.482005,18.444998,-42.317284,-2.482005,17.916012,-42.612331,1.133412,17.916012,-42.612331,1.133412,18.444998,-42.317284],
  "indices" : [0,1,2,3,2,1,1,0,4,4,0,5],
  "Ni" : 1.00000,
  "Ka" : [0.00000,0.00000,0.00000],
  "d" : 1.00000,
  "Kd" : [0.15214,0.00000,0.00513],
  "illum" : 2,
  "Ks" : [0.50000,0.50000,0.50000],
  "Ns" : 96.07843
}