{
  "alias" : "Mesh.177_SKYLINE_GTR_BODY_door-mirro_Group10_Entity38_a6-wheel-discs_2",
  "vertices" : [17.508198,17.425514,8.991949,16.60453,17.321142,9.323852,17.334846,19.745438,9.077393,16.441936,19.754227,9.42915,15.919942,19.739346,9.635015,15.594726,19.710901,9.763302,15.641528,18.480654,9.714746,15.687167,17.281082,9.6674,17.682999,19.715914,8.941269,18.068363,19.616585,8.791534,18.128738,18.558807,8.778885,18.18438,17.583895,8.767225,18.446007,19.365946,8.634737,18.605297,19.078918,8.572958,18.470844,17.747828,8.660885,18.695385,18.045471,8.578102,18.727264,18.519138,8.550636,15.311551,19.551643,9.874978,15.116714,19.318434,9.947411,14.964447,18.99968,9.99676,14.852242,18.46673,10.014773,15.278481,17.34869,9.82305,14.9547,17.634415,9.95261,14.83559,18.01922,10.003111],
  "indices" : [0,1,2,3,2,1,3,1,4,5,4,6,7,6,1,4,1,6,8,0,2,9,10,8,0,8,11,10,11,8,12,13,9,10,9,13,11,10,14,15,14,10,16,15,13,10,13,15,5,6,17,18,17,6,18,6,19,20,19,6,21,22,7,6,7,22,20,6,23,22,23,6],
  "Ni" : 1.00000,
  "Ka" : [0.00000,0.00000,0.00000],
  "d" : 1.00000,
  "Kd" : [0.64000,0.64000,0.64000],
  "illum" : 2,
  "Ks" : [0.50000,0.50000,0.50000],
  "Ns" : 96.07843
}