{
  "alias" : "Mesh.032_SKYLINE_GTR_BOTTOM_bottom-pla_Entity135_inner",
  "vertices" : [10.864516,4.170419,-40.90501,13.251939,4.170419,-40.90501,10.864516,4.007249,-40.405437,13.251939,4.007249,-40.405437,-0.675768,4.170419,-40.90501,3.701277,4.170419,-40.90501,-0.675768,4.007249,-40.405437,3.701277,4.007249,-40.405437,-14.603475,4.170419,-40.90501,-14.603475,4.007249,-40.405437,10.864516,4.417051,-41.29575,13.251939,4.417051,-41.29575,-0.675768,4.417051,-41.29575,3.701277,4.417051,-41.29575,-14.603475,4.417051,-41.29575,10.864516,4.77145,-41.600933,13.251939,4.77145,-41.600933,-0.675768,4.77145,-41.600933,3.701277,4.77145,-41.600933,-14.603475,4.77145,-41.600933,10.864516,5.201053,-41.79821,13.251939,5.201053,-41.79821,-0.675768,5.201053,-41.79821,3.701277,5.201053,-41.79821,-14.603475,5.201053,-41.79821,3.701277,3.569521,-37.779072,4.162922,3.624714,-38.110233,3.701277,2.813444,-33.242619,5.144859,3.284148,-36.066845,10.864516,2.813444,-33.242619,9.485753,3.283453,-36.062668,10.864516,3.5536,-37.683552,10.420627,3.611102,-38.028557,13.251939,2.813444,-33.242619,-0.675768,2.813444,-33.242619,7.362509,3.087317,-34.885857,8.621216,3.141662,-35.211926,7.362509,2.813444,-33.242619,6.06101,3.145057,-35.232292,13.251939,5.021982,-40.405437,13.251939,4.405182,-33.242619,-14.603475,2.813444,-33.242619,-14.603475,4.405182,-33.242619,-14.603475,5.021982,-40.405437,-10.226195,2.813444,-33.242619,-10.226195,4.405182,-33.242619,8.87466,2.813444,-33.242619,-0.675768,2.813443,-23.493225,-0.675768,2.813443,-23.294258,8.87466,2.813443,-23.294258,8.87466,2.813443,-23.493225,8.87466,2.868104,-23.095291,-0.675768,2.868104,-23.095291,-0.675768,4.305696,-17.86245,8.87466,4.305696,-17.86245,8.87466,4.40518,-23.294258,8.87466,4.405182,-33.242619,-10.226195,2.813443,-23.294258,-10.226195,2.868104,-23.095291,-10.226195,4.305696,-17.86245,-10.226195,2.813443,-23.493225,-10.226195,4.40518,-23.294258,10.864332,4.405182,-33.242619,-0.675768,4.405182,-33.242619,3.701512,4.405182,-33.242619],
  "indices" : [0,1,2,3,2,1,4,5,6,7,6,5,8,4,9,6,9,4,11,0,10,1,0,11,12,13,4,5,4,13,14,12,8,4,8,12,15,16,10,11,10,16,17,18,12,13,12,18,19,17,14,12,14,17,20,21,15,16,15,21,22,23,17,18,17,23,24,22,19,17,19,22,25,7,26,25,26,27,28,27,26,29,30,31,32,31,30,31,32,2,29,31,33,3,33,2,31,2,33,27,34,25,7,25,6,34,6,25,35,36,37,35,37,38,28,38,27,37,27,38,3,39,33,40,33,39,1,11,3,39,3,11,21,39,16,11,16,39,41,42,9,43,9,42,9,43,8,14,8,43,19,14,24,43,24,14,44,45,41,42,41,45,41,9,44,34,44,6,9,6,44,37,36,46,29,46,30,36,30,46,34,27,47,48,47,49,50,49,47,49,51,48,52,48,51,53,52,54,51,54,52,49,50,55,56,55,46,50,46,55,49,55,51,54,51,55,48,52,57,58,57,52,59,58,53,52,53,58,34,47,44,60,44,47,57,60,48,47,48,60,57,61,60,44,60,45,61,45,60,57,58,61,59,61,58,46,50,37,27,37,47,50,47,37,33,40,29,46,29,56,40,56,29,20,62,21,40,21,62,22,63,23,64,23,63,24,42,22,63,22,42],
  "Ni" : 1.00000,
  "Ka" : [0.00000,0.00000,0.00000],
  "d" : 1.00000,
  "Kd" : [0.06971,0.06971,0.06971],
  "illum" : 2,
  "Ks" : [0.50000,0.50000,0.50000],
  "Ns" : 96.07843
}