{
  "alias" : "Mesh.140_SKYLINE_GTR_BODY_headlight-_Group03_Entity13_a6-wheel-discs_2",
  "vertices" : [-8.664805,10.534027,44.414589,-8.605145,10.534027,44.462318,-8.632986,10.589711,40.858833,-15.750465,10.707042,39.353401,-15.756432,10.689143,39.950005,-15.265227,10.657324,40.665932,-15.265227,10.685165,39.46278,-14.660669,10.627494,41.272476,-14.660669,10.661301,39.572159,-13.604682,10.61954,39.780968,-13.602693,10.583744,41.978458,-12.214595,10.563857,42.724213,-12.216584,10.613574,40.059383,-10.544106,10.553913,43.529625,-10.546095,10.609596,40.389503,-8.505711,10.557891,44.537888,-8.545485,10.601642,40.89463,-8.426164,10.613574,44.613457,-8.47787,10.649369,40.914516,-8.38639,10.689143,44.645275,-8.442073,10.716986,40.946335,-8.382412,10.808464,44.613457,-8.436106,10.812442,40.934402,-8.505711,11.347395,44.354927,-8.55344,11.347395,40.785248,-8.625031,11.816725,44.126232,-8.660828,11.812747,40.628147,-8.780149,12.415316,43.788158,-8.804012,12.415316,40.419338,-16.032856,10.720962,39.307663,-9.076462,12.826972,40.337803,-9.075212,12.830191,43.4585,-10.811792,13.073962,42.292183,-10.816555,13.075557,39.880409,-12.533416,13.268044,41.106201,-12.536761,13.264482,39.442894,-13.948723,13.413634,39.074993,-13.949844,13.409265,40.00069,-14.449005,13.435802,39.582668,-14.445892,13.433519,38.945724,-14.900249,13.461907,39.197517,-14.903288,13.46335,38.826405,-15.331482,13.366577,38.855873,-15.330854,13.363916,38.71703,-15.627353,13.146063,38.673077,-15.629155,13.147152,38.631516,-8.860492,12.647991,43.623096,-8.877593,12.647991,40.377579,-14.549546,12.095606,39.248051,-15.723314,13.061288,38.626694,-15.724612,13.059649,38.611629,-15.816576,12.9294,38.589275,-15.67614,12.202072,38.91111,-15.914398,12.731462,38.567417,-16.025692,12.293288,38.638084,-16.044811,12.162268,38.702961,-16.094303,11.54072,38.966797,-16.1126,10.805085,39.274509,-10.684596,11.872395,40.128803,-13.910768,13.105388,39.152874,-14.185073,10.642493,39.666203,-13.635796,13.380577,39.156528],
  "indices" : [0,1,2,3,4,5,5,6,3,6,5,7,7,8,6,9,10,11,11,12,9,12,11,13,13,14,12,13,0,14,0,2,14,2,1,15,15,16,2,16,15,17,17,18,16,18,17,19,19,20,18,20,19,21,21,22,20,22,21,23,23,24,22,24,23,25,25,26,24,26,25,27,27,28,26,29,4,3,30,31,32,32,33,30,33,32,34,34,35,33,36,37,38,38,39,36,39,38,40,40,41,39,41,40,42,42,43,41,43,42,44,44,45,43,28,27,46,46,47,28,47,46,31,31,30,47,39,41,8,8,48,39,6,8,41,41,43,6,45,44,49,49,50,45,50,49,51,52,45,50,50,51,52,52,51,53,53,54,52,52,54,55,52,55,56,52,3,6,6,43,45,45,52,6,57,29,3,3,52,56,56,57,3,47,30,33,33,58,47,58,26,28,28,47,58,22,24,26,26,58,22,18,20,22,22,58,18,58,14,2,2,16,18,18,58,2,59,36,39,39,48,59,48,8,60,60,8,7,7,10,9,9,60,7,61,36,59,37,36,61,61,35,34,34,37,61],
  "Ni" : 1.00000,
  "Ka" : [0.00000,0.00000,0.00000],
  "d" : 1.00000,
  "Kd" : [0.64000,0.64000,0.64000],
  "illum" : 2,
  "Ks" : [0.50000,0.50000,0.50000],
  "Ns" : 96.07843
}