{
  "alias" : "Mesh.150_SKYLINE_GTR_BODY_rear-bumpe_Entity48_Danel_4",
  "vertices" : [-5.37752,5.600129,-42.667641,-5.37752,5.478507,-42.819286,-5.278086,5.438734,-41.476929,-5.278086,5.560354,-41.325279,-5.423812,5.439046,-42.868496,-5.34542,5.399272,-41.526138,-5.779244,5.439046,-42.868496,-5.862412,5.399272,-41.526138,-5.815029,5.470461,-42.829315,-5.914463,5.430687,-41.486958,-5.815029,5.600129,-42.667641,-5.914463,5.560354,-41.325279,-5.375413,5.655901,-42.713924,-5.375413,5.534279,-42.87682,-5.422151,5.494819,-42.929684,-5.781007,5.494819,-42.929684,-5.817136,5.526233,-42.887566,-5.817136,5.655901,-42.713924,-5.327803,7.10158,-43.214523,-5.327803,6.979959,-43.366169,-5.384616,6.940498,-43.415382,-5.820828,6.940498,-43.415382,-5.864746,6.971912,-43.376202,-5.864746,7.10158,-43.214523],
  "indices" : [0,1,2,3,0,2,1,4,5,5,2,1,4,6,7,7,5,4,6,8,9,9,7,6,8,10,11,11,9,8,12,13,1,1,0,12,13,14,4,4,1,13,14,15,6,6,4,14,15,16,8,8,6,15,16,17,10,10,8,16,18,19,13,13,12,18,19,20,14,14,13,19,20,21,15,15,14,20,21,22,16,16,15,21,22,23,17,17,16,22,11,10,17,17,23,11,12,0,18,0,3,18],
  "Ni" : 1.00000,
  "Ka" : [0.00000,0.00000,0.00000],
  "d" : 1.00000,
  "Kd" : [0.64000,0.64000,0.64000],
  "illum" : 2,
  "Ks" : [0.50000,0.50000,0.50000],
  "Ns" : 96.07843
}