{
  "alias" : "Mesh.142_SKYLINE_GTR_BODY_headlight-_Group03_Entity15_a6-wheel-discs_2",
  "vertices" : [-10.951783,10.7585,39.691475,-11.130406,10.555204,39.691475,-10.951783,10.758501,37.951385,-11.130406,10.555205,37.951385,-10.806908,10.983997,39.691475,-10.806908,10.983998,37.951385,-10.699196,11.228625,39.691479,-10.699196,11.228626,37.951385,-10.632066,11.489329,39.691475,-10.632066,11.48933,37.951382,-10.608929,11.76303,39.691475,-10.608929,11.763031,37.951385,-10.638871,12.073971,39.691479,-10.638871,12.073972,37.951385,-10.725329,12.367468,39.691479,-10.725329,12.367469,37.951389,-10.863245,12.638988,39.691479,-10.863245,12.638989,37.951389,-11.047568,12.883995,39.691479,-11.047568,12.883996,37.951385,-11.273239,13.097947,39.691479,-11.273239,13.097948,37.951389,-13.926954,13.107955,39.691479,-13.588636,13.324231,39.691479,-13.926954,13.107956,37.951389,-13.588636,13.324232,37.951389,-14.207807,12.834561,39.691479,-14.207807,12.834562,37.951389,-14.421017,12.513186,39.691479,-14.421017,12.513187,37.951389,-14.55641,12.152966,39.691479,-14.55641,12.152966,37.951385,-14.603801,11.76303,39.691475,-14.603801,11.763031,37.951385,-14.583013,11.503469,39.691475,-14.583013,11.503469,37.951385,-14.52259,11.25543,39.691475,-14.52259,11.255431,37.951385,-14.425433,11.021519,39.691475,-14.425433,11.02152,37.951382,-14.294443,10.804339,39.691475,-14.294443,10.80434,37.951385,-14.132526,10.606502,39.691475,-14.132526,10.606503,37.951385],
  "indices" : [0,1,2,3,2,1,4,0,5,5,0,2,6,4,7,5,7,4,8,6,9,7,9,6,10,8,11,9,11,8,12,10,13,11,13,10,14,12,15,13,15,12,16,14,17,15,17,14,18,16,19,17,19,16,20,18,21,19,21,18,22,23,24,25,24,23,26,22,27,24,27,22,28,26,29,27,29,26,30,28,31,29,31,28,32,30,33,31,33,30,34,32,35,33,35,32,36,34,37,35,37,34,38,36,39,37,39,36,40,38,41,39,41,38,42,40,43,41,43,40,25,23,21,20,21,23,3,1,43,42,43,1],
  "Ni" : 1.00000,
  "Ka" : [0.00000,0.00000,0.00000],
  "d" : 1.00000,
  "Kd" : [0.64000,0.64000,0.64000],
  "illum" : 2,
  "Ks" : [0.50000,0.50000,0.50000],
  "Ns" : 96.07843
}