{
  "alias" : "Mesh_SKYLINE_GTR_INTERIOR_seat_Entity186_Carmat_Gloss_2",
  "vertices" : [-14.594946,9.217529,-9.021191,-14.594946,5.876552,-9.955871,13.246538,9.217529,-9.021191,13.246538,5.876552,-9.955871,-14.594946,9.530842,-9.129064,13.246538,9.530842,-9.129064,-14.594946,9.773522,-9.357494,13.246538,9.773522,-9.357494,-14.594946,9.933257,-9.708217,13.246538,9.933257,-9.708217,-14.594946,9.933455,-10.055303,13.246538,9.933455,-10.055303,-14.594946,9.33685,-16.001446,13.246538,9.33685,-16.001446,-14.594946,18.425114,-21.231674,13.246538,18.425114,-21.231674,-14.594946,18.617126,-21.47187,13.246538,18.617126,-21.47187,-14.594946,18.788208,-21.791149,13.246538,18.788208,-21.791149,-14.594946,19.076868,-22.85865,13.246538,19.076868,-22.85865,-14.594946,19.101263,-23.16069,13.246538,19.101263,-23.16069,-14.594946,18.965965,-23.48679,13.246538,18.965965,-23.48679,-14.594946,18.642536,-23.770741,13.246538,18.642536,-23.770741,-14.594946,18.00749,-23.797066,13.246538,18.00749,-23.797066],
  "indices" : [0,1,2,3,2,1,4,0,5,5,0,2,6,4,7,5,7,4,8,6,9,7,9,6,10,8,11,9,11,8,12,10,13,11,13,10,14,12,15,13,15,12,16,14,17,15,17,14,18,16,19,17,19,16,20,18,21,19,21,18,22,20,23,21,23,20,24,22,25,23,25,22,26,24,27,25,27,24,28,26,29,27,29,26],
  "Ni" : 1.00000,
  "Ka" : [0.00000,0.00000,0.00000],
  "d" : 1.00000,
  "Kd" : [0.64000,0.64000,0.64000],
  "illum" : 2,
  "Ks" : [0.50000,0.50000,0.50000],
  "Ns" : 96.07843
}