{
  "alias" : "Mesh.154_SKYLINE_GTR_BODY_door-mirro_Group08_Entity34_Danel_4",
  "vertices" : [14.616177,16.969006,11.474085,14.64514,16.885071,10.368422,15.452861,17.147392,11.156249,15.470656,17.076473,10.202249,14.548209,17.137068,12.035489,15.399121,17.300058,11.623592,14.494513,17.262217,12.200778,15.35649,17.414799,11.751084,14.440543,17.383833,12.237779,15.313496,17.526953,11.768799,14.380516,17.515093,12.167661,15.264977,17.647293,11.731962,14.306547,17.671793,11.932655,15.206709,17.790131,11.559912,14.208961,17.871174,11.316262,15.131883,17.971214,11.059269,14.148914,17.987597,10.12978,15.090721,18.072266,10.043467,16.277473,17.33511,10.769624,16.292439,17.267872,9.96377,16.241489,17.47073,11.153347,16.216194,17.571819,11.264759,16.192291,17.670071,11.289974,16.158115,17.776039,11.244222,16.118752,17.902519,11.090629,16.072433,18.06333,10.675574,16.043972,18.156937,9.81216,17.100685,17.523052,10.294514,17.119194,17.459276,9.64034,17.077709,17.641577,10.591779,17.066994,17.72893,10.685454,17.060066,17.813187,10.716887,17.043026,17.904722,10.66145,17.026333,18.014788,10.524962,17.013168,18.155306,10.193007,17.002373,18.241604,9.477302,17.933167,17.70211,9.711226,17.959618,17.650679,9.219316,17.910156,17.805094,9.90593,17.902264,17.881781,9.95682,17.899956,17.956305,9.965117,17.902813,18.036737,9.940671,17.91312,18.132757,9.863076,17.936657,18.254936,9.63938,17.959618,18.326275,9.080336],
  "indices" : [0,1,2,3,2,1,4,0,5,5,0,2,6,4,7,5,7,4,8,6,9,7,9,6,10,8,11,9,11,8,12,10,13,11,13,10,14,12,15,13,15,12,16,14,17,15,17,14,1,16,3,17,3,16,2,3,18,19,18,3,5,2,20,18,20,2,7,5,21,20,21,5,9,7,22,21,22,7,11,9,23,22,23,9,13,11,24,23,24,11,15,13,25,24,25,13,17,15,26,25,26,15,3,17,19,26,19,17,18,19,27,28,27,19,20,18,29,27,29,18,21,20,30,29,30,20,22,21,31,30,31,21,23,22,32,31,32,22,24,23,33,32,33,23,25,24,34,33,34,24,26,25,35,34,35,25,19,26,28,35,28,26,27,28,36,37,36,28,29,27,38,36,38,27,30,29,39,38,39,29,31,30,40,39,40,30,32,31,41,40,41,31,33,32,42,41,42,32,34,33,43,42,43,33,35,34,44,43,44,34,28,35,37,44,37,35],
  "Ni" : 1.00000,
  "Ka" : [0.00000,0.00000,0.00000],
  "d" : 1.00000,
  "Kd" : [0.64000,0.64000,0.64000],
  "illum" : 2,
  "Ks" : [0.50000,0.50000,0.50000],
  "Ns" : 96.07843
}