{
  "alias" : "Mesh.065_SKYLINE_GTR_OTHERS_GT-R_mark_silver_Group010_Entity173_a6-halo_mirror",
  "vertices" : [-1.031974,11.396267,44.481846,-0.881463,11.396267,44.481846,-1.031974,11.446265,44.471691,-0.702878,11.446265,44.471691,-0.881463,11.30501,44.50037,-0.702878,11.24626,44.512299,-0.703289,11.559621,44.448681,-1.204176,11.559575,44.448692,-0.702878,11.495017,44.4618,-1.131469,11.49542,44.461716,-1.172406,11.490896,44.462631,-1.284352,11.554462,44.449726,-1.209763,11.471334,44.466602,-1.335712,11.541107,44.452438,-1.228654,11.441648,44.47263,-1.383646,11.508726,44.459011,-1.415923,11.406266,44.479813,-1.234789,11.401263,44.480827,-1.408413,11.463436,44.468208,-1.40952,11.348047,44.491631,-1.385702,11.298035,44.501785,-1.22999,11.357955,44.489624,-1.342211,11.265286,44.508434,-1.21012,11.323782,44.496559,-1.284357,11.250143,44.511509,-1.206732,11.246205,44.512306,-1.170964,11.307289,44.499905,-1.130198,11.304608,44.50045,-0.703367,11.525208,44.278568,-1.20408,11.525208,44.278568,-0.702933,11.460576,44.291691,-1.13162,11.461001,44.291607,-1.172406,11.456324,44.292557,-1.209721,11.436764,44.296528,-1.228812,11.406999,44.30257,-1.234886,11.366602,44.310768,-1.230114,11.32323,44.319572,-1.210154,11.289212,44.326477,-1.17067,11.272629,44.329845,-1.130318,11.270077,44.330364,-0.881263,11.270502,44.330276,-0.881263,11.361925,44.311718,-1.031824,11.361924,44.311718,-1.031824,11.411674,44.30162,-0.702933,11.411676,44.30162,-0.702933,11.211821,44.34219,-1.206683,11.211821,44.34219,-1.28435,11.215649,44.341412,-1.342058,11.230958,44.338306,-1.385881,11.263699,44.331657,-1.409312,11.31345,44.321556,-1.41582,11.371705,44.309734,-1.408444,11.42911,44.298077,-1.383712,11.474183,44.288929,-1.33555,11.506499,44.282368,-1.28435,11.520105,44.279606],
  "indices" : [0,1,2,3,2,1,1,4,3,5,3,4,6,7,8,9,8,7,9,7,10,7,11,10,12,10,11,11,13,12,14,12,15,13,15,12,16,17,18,15,18,14,17,14,18,16,19,17,19,20,17,21,17,20,20,22,21,23,21,22,22,24,23,24,25,23,26,23,25,26,25,27,4,27,5,25,5,27,6,28,7,29,7,28,8,30,6,28,6,30,9,31,8,30,8,31,10,32,9,31,9,32,12,33,10,32,10,33,14,34,12,33,12,34,17,35,14,34,14,35,21,36,17,35,17,36,23,37,21,36,21,37,26,38,23,37,23,38,27,39,26,38,26,39,4,40,27,39,27,40,1,41,4,40,4,41,0,42,1,41,1,42,43,0,2,42,0,43,3,44,2,43,2,44,5,45,3,44,3,45,25,46,5,45,5,46,24,47,25,46,25,47,22,48,24,47,24,48,20,49,22,48,22,49,19,50,20,49,20,50,16,51,19,50,19,51,18,52,16,51,16,52,15,53,18,52,18,53,13,54,15,53,15,54,11,55,13,54,13,55,7,29,11,55,11,29],
  "Ni" : 1.00000,
  "Ka" : [0.00000,0.00000,0.00000],
  "d" : 1.00000,
  "Kd" : [0.64000,0.64000,0.64000],
  "illum" : 2,
  "Ks" : [0.50000,0.50000,0.50000],
  "Ns" : 96.07843
}