{
  "alias" : "Mesh.043_SKYLINE_GTR_OTHERS_wiper_Group17_Entity151_rubber2",
  "vertices" : [1.369342,17.486485,19.598251,5.158959,17.481951,19.14962,5.155633,17.356367,19.122852,1.366019,17.360897,19.57148,6.149503,17.574112,18.594494,6.146185,17.448509,18.567719,6.239071,17.550341,18.69479,6.235754,17.424751,18.668018,5.261051,17.436466,19.350399,5.257735,17.310867,19.323624,1.368466,17.427597,19.87466,1.365144,17.302013,19.847885],
  "indices" : [0,1,2,3,0,2,1,4,5,5,2,1,4,6,7,7,5,4,6,8,9,9,7,6,8,10,11,11,9,8,1,0,10,10,8,1,8,6,4,4,1,8],
  "Ni" : 1.00000,
  "Ka" : [0.00000,0.00000,0.00000],
  "d" : 1.00000,
  "Kd" : [0.01073,0.01073,0.01073],
  "illum" : 2,
  "Ks" : [0.50000,0.50000,0.50000],
  "Ns" : 96.07843
}