{
  "alias" : "Mesh.136_SKYLINE_GTR_LIGHT-etc_tail-lamp_Group14_Entity102_redGlass",
  "vertices" : [-11.363441,15.342664,-42.386269,-11.264007,15.342664,-42.449577,-11.193038,14.919421,-42.531376,-11.287403,14.889189,-42.473923,-10.667404,15.342664,-42.332237,-10.62685,15.100811,-42.378983,-10.995419,14.551839,-42.621002,-11.075666,14.495352,-42.569939,-10.513924,14.890764,-42.430206,-10.694074,14.261974,-42.711563,-10.752798,14.184782,-42.666973,-10.341727,14.725126,-42.481941,-10.311935,14.071879,-42.796169,-10.343364,13.98111,-42.757618,-10.123363,14.6165,-42.530281,-9.871933,14.003616,-42.867939,-9.871933,13.907971,-42.834515,-9.871933,14.577494,-42.571297,-9.43193,14.071881,-42.916443,-9.4005,13.981112,-42.886475,-9.620503,14.616503,-42.59901,-9.049792,14.261975,-42.936279,-8.991068,14.184784,-42.907742,-9.402139,14.725127,-42.610352,-8.748446,14.55184,-42.928062,-8.668198,14.495352,-42.898933,-9.22994,14.890763,-42.605663,-8.550828,14.919423,-42.892467,-8.456463,14.889192,-42.86079,-9.117016,15.100813,-42.585316,-8.479858,15.342665,-42.830048,-8.380424,15.342664,-42.793919,-9.076462,15.342664,-42.549652,-8.550827,15.765906,-42.748238,-8.456462,15.796138,-42.706272,-9.117016,15.584517,-42.502907,-8.748447,16.13349,-42.658611,-8.668199,16.189978,-42.610245,-9.22994,15.794565,-42.451694,-9.049792,16.423355,-42.568054,-8.991068,16.500546,-42.513218,-9.402139,15.960201,-42.399948,-9.431931,16.613449,-42.483456,-9.400501,16.70422,-42.422573,-9.620503,16.068829,-42.351601,-9.871933,16.681711,-42.41169,-9.871933,16.777357,-42.345676,-9.871933,16.107836,-42.310585,-10.311936,16.613447,-42.363186,-10.343365,16.704216,-42.293709,-10.123363,16.068825,-42.282871,-10.694074,16.423353,-42.343353,-10.752799,16.500546,-42.272453,-10.341728,15.960199,-42.271538,-10.995419,16.13349,-42.351562,-11.075666,16.189978,-42.28125,-10.513925,15.794565,-42.27623,-11.19304,15.765908,-42.38718,-11.287404,15.796139,-42.31942,-10.626852,15.584518,-42.296589],
  "indices" : [0,1,2,3,0,2,1,4,5,5,2,1,3,2,6,6,7,3,2,5,8,8,6,2,7,6,9,9,10,7,6,8,11,11,9,6,10,9,12,12,13,10,9,11,14,14,12,9,13,12,15,15,16,13,12,14,17,17,15,12,16,15,18,18,19,16,15,17,20,20,18,15,19,18,21,21,22,19,18,20,23,23,21,18,22,21,24,24,25,22,21,23,26,26,24,21,25,24,27,27,28,25,24,26,29,29,27,24,28,27,30,30,31,28,27,29,32,32,30,27,31,30,33,33,34,31,30,32,35,35,33,30,34,33,36,36,37,34,33,35,38,38,36,33,37,36,39,39,40,37,36,38,41,41,39,36,40,39,42,42,43,40,39,41,44,44,42,39,43,42,45,45,46,43,42,44,47,47,45,42,46,45,48,48,49,46,45,47,50,50,48,45,49,48,51,51,52,49,48,50,53,53,51,48,52,51,54,54,55,52,51,53,56,56,54,51,55,54,57,57,58,55,54,56,59,59,57,54,58,57,1,1,0,58,57,59,4,4,1,57],
  "Ni" : 1.00000,
  "Ka" : [0.00000,0.00000,0.00000],
  "d" : 1.00000,
  "Kd" : [0.15214,0.00000,0.00513],
  "illum" : 2,
  "Ks" : [0.50000,0.50000,0.50000],
  "Ns" : 96.07843
}