{
  "alias" : "Mesh.048_SKYLINE_GTR_BODY_door-knob_Entity30_paint",
  "vertices" : [16.09137,15.492356,-5.014664,16.013809,15.599375,-5.004036,16.077999,15.483223,-4.781743,16.024204,15.558868,-4.77412,16.112724,15.409167,-5.006377,16.099373,15.399987,-4.774984,16.117008,15.522161,-5.611972,15.990989,15.688307,-5.596047,16.138519,15.438363,-5.602747,16.294746,14.829634,-5.535687,16.267818,14.804845,-4.946139,16.130852,15.561444,-6.235095,15.97218,15.761581,-6.216616,16.152782,15.475987,-6.227885,16.312103,14.855208,-6.175493,16.130985,15.608974,-6.872117,15.957572,15.818508,-6.853522,16.153606,15.520829,-6.868554,16.317936,14.880543,-6.842656,16.113499,15.668204,-7.562673,15.946706,15.860848,-7.546334,16.137157,15.57603,-7.563353,16.309002,14.906463,-7.568232,16.075348,15.734079,-8.240518,15.941178,15.88239,-8.228531,16.100334,15.636731,-8.244102,16.281818,14.929588,-8.270091,16.014114,15.805031,-8.890581,15.941213,15.882244,-8.884648,16.04071,15.701397,-8.894063,16.066566,15.477635,-4.608214,16.112358,15.258206,-4.472138,16.162117,15.155498,-4.755141,16.254574,14.795221,-4.725893,16.233372,14.834806,-4.593381,16.189247,14.968177,-4.492608,16.14867,15.112356,-4.453752,15.99792,15.737719,-9.228137,15.97623,15.7906,-9.294749,15.97034,15.845133,-9.226583,15.983491,15.748548,-9.323764,16.01339,15.630986,-9.327678,16.092693,15.332498,-9.30982,16.131954,15.345891,-8.905977,16.179012,15.025497,-9.252339,16.205685,14.955234,-9.177798,16.233913,14.948606,-8.919291,15.942216,15.878348,-9.056264,16.074482,14.755002,-4.946391,16.100853,14.780249,-5.535037,16.060558,14.74527,-4.725646,16.041977,14.785667,-4.592406,15.996306,14.915613,-4.492972,15.953891,15.064873,-4.453198,15.921161,15.208404,-4.471095,15.873002,15.428046,-4.608316,15.831492,15.509782,-4.773372,15.821111,15.550236,-5.004061,15.798369,15.638844,-5.596688,15.779584,15.712038,-6.217155,15.76475,15.769829,-6.853532,16.119026,14.805443,-6.175395,16.124649,14.831523,-6.843589,16.118225,14.856565,-7.567465,16.087692,14.879527,-8.269469,15.753383,15.814131,-7.545592,15.748439,15.833395,-8.227705,15.748933,15.831468,-8.883973,16.041752,14.898535,-8.919771,15.749427,15.829542,-9.056988,15.779071,15.794033,-9.226025,15.784221,15.741974,-9.295629,15.791245,15.698609,-9.323468,15.821895,15.579183,-9.32745,15.901881,15.283526,-9.309548,15.984834,14.976317,-9.251874,16.011326,14.905095,-9.180285],
  "indices" : [0,1,2,3,2,1,4,0,5,5,0,2,7,0,6,1,0,7,8,6,4,0,4,6,9,8,10,4,10,8,11,12,6,7,6,12,13,11,8,6,8,11,14,13,9,8,9,13,15,16,11,12,11,16,17,15,13,11,13,15,18,17,14,13,14,17,19,20,15,16,15,20,21,19,17,15,17,19,22,21,18,17,18,21,23,24,19,20,19,24,25,23,21,19,21,23,26,25,22,21,22,25,27,28,23,24,23,28,29,27,25,23,25,27,2,3,30,2,30,5,30,31,5,32,5,31,33,32,34,35,34,32,36,35,31,32,31,35,33,10,32,5,32,4,10,4,32,37,38,39,37,40,38,37,41,40,42,43,44,45,44,46,43,46,44,28,27,47,39,47,27,37,39,29,27,29,39,37,29,41,42,41,43,29,43,41,46,43,26,25,26,29,43,29,26,10,48,9,49,9,48,33,50,10,48,10,50,34,51,33,50,33,51,35,52,34,51,34,52,36,53,35,52,35,53,31,54,36,53,36,54,30,55,31,54,31,55,3,56,30,55,30,56,1,57,3,56,3,57,7,58,1,57,1,58,12,59,7,58,7,59,16,60,12,59,12,60,9,49,14,61,14,49,14,61,18,62,18,61,18,62,22,63,22,62,22,63,26,64,26,63,20,65,16,60,16,65,24,66,20,65,20,66,28,67,24,66,24,67,26,64,46,68,46,64,47,69,28,67,28,69,39,70,47,69,47,70,38,71,39,70,39,71,40,72,38,71,38,72,41,73,40,72,40,73,42,74,41,73,41,74,44,75,42,74,42,75,45,76,44,75,44,76,46,68,45,76,45,68],
  "Ni" : 1.00000,
  "Ka" : [0.00000,0.00000,0.00000],
  "d" : 1.00000,
  "Kd" : [0.05356,0.12641,0.33298],
  "illum" : 2,
  "Ks" : [0.55618,0.55618,0.55618],
  "Ns" : 96.07843
}