{
  "alias" : "Mesh.160_SKYLINE_GTR_BLK-PARTS_door-glass_Group13_Entity81_inner",
  "vertices" : [-12.110052,24.365768,-8.164887,-12.119339,24.354767,-6.289417,-11.943289,24.539511,-6.233986,-11.934192,24.550236,-8.106398,-12.134619,24.325447,-4.372858,-11.95823,24.510695,-4.324521,-12.170312,24.261404,-2.479293,-11.993778,24.44688,-2.438888,-12.241911,24.14436,-0.641348,-12.06577,24.329308,-0.606653,-12.397301,23.908356,1.387463,-12.222855,24.090935,1.42293,-12.648909,23.545933,3.081102,-12.478016,23.723499,3.130833,-12.934746,23.119852,4.19784,-12.771009,23.286921,4.2751,-13.760635,21.772404,6.715816,-13.614776,21.908453,6.847991,-14.540096,20.308067,9.08129,-14.408157,20.41251,9.256897,-15.286075,18.730528,11.372563,-15.166273,18.801718,11.587739,-16.00185,17.065336,13.636968,-15.894393,17.10107,13.894813,-12.190999,24.142553,-8.235662,-12.200517,24.131214,-6.356496,-12.216206,24.101299,-4.431349,-12.252072,24.036974,-2.528194,-12.323195,23.92057,-0.683331,-12.476532,23.687431,1.344533,-12.723845,23.331066,3.020932,-13.001024,22.917692,4.104349,-13.805066,21.607569,6.555779,-14.567329,20.181141,8.868558,-15.298549,18.643772,11.111928,-16.000023,17.022097,13.324969,-11.830329,24.140537,-8.235662,-11.839472,24.129715,-6.360472,-11.854495,24.10076,-4.434126,-11.889949,24.037062,-2.524529,-11.961456,23.920162,-0.667712,-12.117138,23.68376,1.382088,-12.369685,23.320021,3.088399,-12.654989,22.894753,4.203637,-13.455102,21.589485,6.635987,-14.21366,20.167253,8.921513,-14.941032,18.636703,11.135967,-15.638195,17.027552,13.325161,-11.572252,24.550236,-8.106398,-11.580975,24.54003,-6.237952,-11.595243,24.512182,-4.327264,-11.630377,24.448994,-2.435135,-11.702759,24.330919,-0.590854,-11.862205,24.089256,1.46081,-12.122639,23.714394,3.198844,-12.423837,23.26581,4.375228,-13.259969,21.893101,6.924994,-14.04644,20.396276,9.31282,-14.797402,18.78833,11.620413,-15.517277,17.104259,13.898287],
  "indices" : [0,1,2,3,0,2,1,4,5,5,2,1,4,6,7,7,5,4,6,8,9,9,7,6,8,10,11,11,9,8,10,12,13,13,11,10,12,14,15,15,13,12,14,16,17,17,15,14,16,18,19,19,17,16,18,20,21,21,19,18,20,22,23,23,21,20,24,25,1,1,0,24,25,26,4,4,1,25,26,27,6,6,4,26,27,28,8,8,6,27,28,29,10,10,8,28,29,30,12,12,10,29,30,31,14,14,12,30,31,32,16,16,14,31,32,33,18,18,16,32,33,34,20,20,18,33,34,35,22,22,20,34,36,37,25,25,24,36,37,38,26,26,25,37,38,39,27,27,26,38,39,40,28,28,27,39,40,41,29,29,28,40,41,42,30,30,29,41,42,43,31,31,30,42,43,44,32,32,31,43,44,45,33,33,32,44,45,46,34,34,33,45,46,47,35,35,34,46,48,49,37,37,36,48,49,50,38,38,37,49,50,51,39,39,38,50,51,52,40,40,39,51,52,53,41,41,40,52,53,54,42,42,41,53,54,55,43,43,42,54,55,56,44,44,43,55,56,57,45,45,44,56,57,58,46,46,45,57,58,59,47,47,46,58,3,2,49,49,48,3,2,5,50,50,49,2,5,7,51,51,50,5,7,9,52,52,51,7,9,11,53,53,52,9,11,13,54,54,53,11,13,15,55,55,54,13,15,17,56,56,55,15,17,19,57,57,56,17,19,21,58,58,57,19,21,23,59,59,58,21],
  "Ni" : 1.00000,
  "Ka" : [0.00000,0.00000,0.00000],
  "d" : 1.00000,
  "Kd" : [0.06971,0.06971,0.06971],
  "illum" : 2,
  "Ks" : [0.50000,0.50000,0.50000],
  "Ns" : 96.07843
}