{
  "alias" : "Mesh.137_SKYLINE_GTR_INTERIOR_C-pillar_Entity171_Carmat_Gloss_2",
  "vertices" : [11.5163,21.050167,-17.79126,12.502697,21.053318,-17.48457,11.919357,22.094036,-15.989066,10.939585,22.084278,-16.319641,10.144114,21.984848,-20.774281,10.923319,21.987871,-21.259739,11.326866,21.105404,-22.887779,10.601508,21.109829,-22.464653,12.112905,19.936508,-19.22311,13.099626,19.939793,-18.949902,11.727669,20.097641,-24.598019,10.999244,20.095602,-24.015823,12.041312,19.359791,-26.149677,11.377092,19.359791,-25.666428,12.148701,18.981943,-27.209644,11.556074,18.981943,-26.780087,12.059211,18.683643,-28.382961,11.536187,18.683641,-27.893745,11.796703,18.574265,-29.222183,11.396979,18.584208,-28.609669,12.51064,19.240471,-20.018581,13.477614,19.248312,-19.750191,12.848715,18.544432,-20.396427,13.873195,18.538094,-20.123783,13.087356,18.206358,-20.197563,14.027006,18.216127,-19.930965,13.266337,18.00749,-19.620846,14.205765,18.000849,-19.321201,11.203135,23.275236,-14.232217,10.124227,23.337145,-14.728697,9.288981,23.635448,-17.711712,10.030606,23.626959,-18.228405,9.680038,23.90415,-17.71096,9.256884,24.06111,-17.55677,8.78229,24.137392,-17.532722,10.855113,23.839264,-13.104642,9.467962,24.11273,-13.505659,10.65408,24.191301,-11.92505,9.11,24.719276,-12.143414,10.573093,24.40723,-10.647829,9.11,24.838598,-10.671794],
  "indices" : [0,1,2,3,0,2,4,5,6,6,7,4,7,0,3,3,4,7,8,9,1,1,0,8,7,6,10,10,11,7,8,0,7,7,11,8,11,10,12,12,13,11,13,12,14,14,15,13,15,14,16,16,17,15,17,16,18,18,19,17,20,21,9,9,8,20,22,23,21,21,20,22,24,25,23,23,22,24,26,27,25,25,24,26,20,8,11,11,13,20,22,20,13,13,15,22,24,22,15,15,17,24,26,24,17,17,19,26,3,2,28,28,29,3,30,31,5,5,4,30,30,4,3,3,29,30,32,31,30,33,32,30,34,33,30,29,28,35,35,36,29,36,35,37,37,38,36,38,37,39,39,40,38,36,38,34,34,30,29,29,36,34],
  "Ni" : 1.00000,
  "Ka" : [0.00000,0.00000,0.00000],
  "d" : 1.00000,
  "Kd" : [0.64000,0.64000,0.64000],
  "illum" : 2,
  "Ks" : [0.50000,0.50000,0.50000],
  "Ns" : 96.07843
}