{
  "alias" : "Mesh.151_SKYLINE_GTR_BODY_door-mirro_Group08_Entity32_Danel_4",
  "vertices" : [13.303857,20.010601,9.127721,14.046752,18.428246,11.412851,14.094253,18.359978,10.80066,14.651429,17.022099,13.324968,14.708832,16.917828,12.198005,14.128217,18.308502,10.207866,14.747493,16.840469,11.104233,14.150148,18.269812,9.561827,14.77075,16.783457,9.924328,13.772299,18.269812,9.561827,12.926008,20.010601,9.127721,14.392901,16.783457,9.924328,13.668903,18.428246,11.412851,14.273581,17.022099,13.324968],
  "indices" : [0,1,2,1,3,4,4,2,1,0,2,5,2,4,6,6,5,2,0,5,7,5,6,8,8,7,5,0,7,9,10,0,9,7,8,11,11,9,7,10,9,12,9,11,13,13,12,9],
  "Ni" : 1.00000,
  "Ka" : [0.00000,0.00000,0.00000],
  "d" : 1.00000,
  "Kd" : [0.64000,0.64000,0.64000],
  "illum" : 2,
  "Ks" : [0.50000,0.50000,0.50000],
  "Ns" : 96.07843
}