{
  "alias" : "Mesh.091_SKYLINE_GTR_BODY_headlight-_Group07_Entity25_a6-wheel-discs_2",
  "vertices" : [-10.574127,11.0259,41.156681,-10.702586,10.819611,41.834534,-9.615343,10.812825,41.838581,-9.717752,11.013701,41.172062,-10.341748,11.379801,40.43922,-9.928512,11.377222,40.440758,-10.410729,12.467925,41.141541,-10.263062,12.096495,40.439514,-9.889659,12.045162,40.440907,-9.647282,12.373571,41.150131,-10.495561,12.705264,41.835308,-9.513121,12.570211,41.838966,-10.13245,11.723255,40.441208,-9.777359,11.939368,40.441322,-9.714909,11.800405,40.441559,-9.716879,11.635636,40.441544,-9.793207,11.484625,40.441261,-10.474088,11.487154,40.438728,-10.548608,11.6367,40.43845,-10.544456,11.823545,40.438469,-10.441243,11.993239,40.438854,-9.426954,12.158459,41.140205,-9.217651,12.29186,41.840065,-9.351153,12.443938,41.839569,-9.290392,11.871049,41.1241,-9.053345,11.926241,41.840679,-9.116941,12.117965,41.840439,-9.293919,11.554687,41.126389,-9.058524,11.492724,41.840652,-9.031185,11.720673,41.840755,-9.4555,11.237031,41.154476,-9.259351,11.095407,41.839909,-9.136563,11.282471,41.840363,-9.42093,10.937028,41.839306,-10.750251,12.257426,41.122574,-10.749771,12.59575,41.834362,-10.964362,12.433594,41.833561,-10.95896,11.913534,41.094429,-11.129642,12.227736,41.832951,-11.235921,11.987119,41.832554,-10.968552,11.557417,41.096031,-11.273499,11.720673,41.832409,-11.246841,11.495526,41.832508,-10.822827,11.246511,41.132504,-11.17069,11.28756,41.83279,-11.050777,11.102062,41.833241,-10.892832,10.944317,41.833828],
  "indices" : [0,1,2,3,0,2,4,0,3,3,5,4,6,7,8,8,9,6,10,6,9,9,11,10,12,8,7,4,5,12,8,12,13,13,12,14,14,12,15,15,12,16,16,12,5,4,12,17,17,12,18,18,12,19,19,12,20,20,12,7,9,8,13,13,21,9,21,22,23,23,11,9,9,21,23,21,13,14,14,24,21,24,25,26,26,22,21,21,24,26,24,14,15,15,27,24,27,28,29,29,25,24,24,27,29,27,15,16,16,30,27,30,31,32,32,28,27,27,30,32,30,16,5,5,3,30,3,2,33,33,31,30,30,3,33,34,20,7,7,6,34,35,36,34,34,6,10,10,35,34,37,19,20,20,34,37,38,39,37,37,34,36,36,38,37,40,18,19,19,37,40,41,42,40,40,37,39,39,41,40,43,17,18,18,40,43,44,45,43,43,40,42,42,44,43,0,4,17,43,0,17,1,0,46,0,43,45,46,0,45],
  "Ni" : 1.00000,
  "Ka" : [0.00000,0.00000,0.00000],
  "d" : 1.00000,
  "Kd" : [0.64000,0.64000,0.64000],
  "illum" : 2,
  "Ks" : [0.50000,0.50000,0.50000],
  "Ns" : 96.07843
}