{
  "alias" : "Mesh.058_SKYLINE_GTR_INTERIOR_handle_Entity161_Carmat_Gloss_3",
  "vertices" : [-9.127377,15.29388,6.669598,-9.961827,15.3946,6.681396,-9.902808,15.423387,6.404513,-9.098577,15.29945,6.349635,-10.776404,15.399697,6.65085,-10.678133,15.408226,6.3978,-11.35366,15.304379,6.593741,-11.331636,15.259328,6.33187,-9.052809,15.560435,6.912437,-9.999166,15.620889,6.873608,-10.945522,15.681348,6.834781,-11.375684,15.70883,6.817132,-9.241929,15.92686,6.949848,-10.08537,15.920302,6.91415,-10.86919,15.987313,6.911019,-11.375684,16.111391,6.951052,-9.297483,16.240122,6.766127,-10.106534,16.186626,6.742441,-10.828862,16.240122,6.766127,-11.375684,16.400618,6.837187,-9.254124,16.340223,6.548775,-10.034956,16.27466,6.566331,-10.786879,16.282087,6.584903,-11.375684,16.369247,6.605229,-9.210764,16.080933,6.369898,-9.963377,16.003298,6.428704,-10.744895,15.964655,6.44216,-11.375684,15.978476,6.411752,-9.15467,15.63352,6.235876,-9.933092,15.656672,6.292718,-10.711514,15.62977,6.296085,-11.35366,15.562231,6.247921],
  "indices" : [0,1,2,3,0,2,1,4,5,5,2,1,4,6,7,7,5,4,8,9,1,1,0,8,9,10,4,4,1,9,10,11,6,6,4,10,12,13,9,9,8,12,13,14,10,10,9,13,14,15,11,11,10,14,16,17,13,13,12,16,17,18,14,14,13,17,18,19,15,15,14,18,20,21,17,17,16,20,21,22,18,18,17,21,22,23,19,19,18,22,24,25,21,21,20,24,25,26,22,22,21,25,26,27,23,23,22,26,28,29,25,25,24,28,29,30,26,26,25,29,30,31,27,27,26,30,3,2,29,29,28,3,2,5,30,30,29,2,5,7,31,31,30,5],
  "Ni" : 1.00000,
  "Ka" : [0.00000,0.00000,0.00000],
  "d" : 1.00000,
  "Kd" : [0.64000,0.64000,0.64000],
  "illum" : 2,
  "Ks" : [0.50000,0.50000,0.50000],
  "Ns" : 96.07843
}