{
  "alias" : "Mesh.156_SKYLINE_GTR_BLK-PARTS_door-glass_Group13_Entity83_inner",
  "vertices" : [-11.946805,24.138765,-7.229335,-12.135729,24.138765,-7.229335,-13.170437,22.598475,-7.624541,-12.981512,22.598475,-7.624541,-12.131339,24.142555,-8.235662,-13.155614,22.628738,-8.730709,-11.942415,24.142555,-8.235662,-12.96669,22.628738,-8.730709,-14.129235,21.009302,-8.019748,-13.940311,21.009302,-8.019748,-14.106949,21.063076,-9.225762,-13.918025,21.063076,-9.225762,-15.023214,19.385689,-8.414949,-14.834291,19.385689,-8.414949,-14.997323,19.457121,-9.720811,-14.808399,19.457121,-9.720811,-15.863464,17.742073,-8.810156,-15.674541,17.742073,-8.810156,-15.838713,17.82242,-10.215863,-15.649789,17.82242,-10.215863],
  "indices" : [0,1,2,3,0,2,1,4,5,5,2,1,4,6,7,7,5,4,6,0,3,3,7,6,3,2,8,8,9,3,2,5,10,10,8,2,5,7,11,11,10,5,7,3,9,9,11,7,9,8,12,12,13,9,8,10,14,14,12,8,10,11,15,15,14,10,11,9,13,13,15,11,13,12,16,16,17,13,12,14,18,18,16,12,14,15,19,19,18,14,15,13,17,17,19,15],
  "Ni" : 1.00000,
  "Ka" : [0.00000,0.00000,0.00000],
  "d" : 1.00000,
  "Kd" : [0.06971,0.06971,0.06971],
  "illum" : 2,
  "Ks" : [0.50000,0.50000,0.50000],
  "Ns" : 96.07843
}