{
  "alias" : "Mesh.119_SKYLINE_GTR_LIGHT-etc_rear-lamp_Entity94_Carmat_Gloss",
  "vertices" : [4.959629,9.201626,-44.35006,3.132034,9.203614,-44.439548,4.959629,10.464437,-44.429604,3.149932,10.462448,-44.519096,2.905315,10.462448,-43.245857,2.90521,9.205602,-43.356625,5.989765,10.468413,-44.35006,5.989765,9.201626,-44.290401],
  "indices" : [0,1,2,3,2,1,4,3,5,1,5,3,6,0,2,7,0,6],
  "Ni" : 1.00000,
  "Ka" : [0.00000,0.00000,0.00000],
  "d" : 1.00000,
  "Kd" : [0.64000,0.64000,0.64000],
  "illum" : 2,
  "Ks" : [0.50000,0.50000,0.50000],
  "Ns" : 96.07843
}