{
  "alias" : "Mesh.086_SKYLINE_GTR_OTHERS_GT-R_mark_silver_Group020_Entity190_a6-halo_mirror",
  "vertices" : [-5.831919,14.933571,-43.333813,-5.982701,14.93252,-43.324261,-5.831919,14.984479,-43.328224,-6.161607,14.982182,-43.307335,-5.982701,14.839604,-43.334476,-6.161607,14.778541,-43.329708,-6.161196,15.097602,-43.294674,-5.659409,15.101048,-43.326466,-6.161607,15.03182,-43.30188,-5.732246,15.035219,-43.329025,-5.691235,15.030899,-43.332134,-5.579088,15.096402,-43.332127,-5.653811,15.011241,-43.3367,-5.527636,15.083161,-43.336884,-5.634886,14.981148,-43.341213,-5.479615,15.050526,-43.343544,-5.447281,14.946427,-43.357059,-5.62874,14.94007,-43.346127,-5.454804,15.004583,-43.350189,-5.453695,14.887108,-43.363167,-5.477556,14.83602,-43.367249,-5.633548,14.895942,-43.350662,-5.521125,14.802373,-43.368153,-5.653454,14.861009,-43.353226,-5.579083,14.78655,-43.366177,-5.656847,14.782001,-43.361694,-5.692679,14.843946,-43.352585,-5.733519,14.84093,-43.350304,-6.155577,15.088225,-43.208248,-5.653964,15.091717,-43.240032,-6.156012,15.022414,-43.215454,-5.726555,15.025837,-43.242615,-5.685696,15.021358,-43.24572,-5.648314,15.001703,-43.250286,-5.629188,14.971529,-43.254818,-5.623103,14.930443,-43.259724,-5.627884,14.886248,-43.264278,-5.647879,14.851474,-43.266823,-5.687434,14.834312,-43.266171,-5.727859,14.831433,-43.263889,-5.977361,14.83013,-43.248043,-5.977361,14.923213,-43.237808,-5.82653,14.924263,-43.247364,-5.82653,14.974917,-43.241798,-6.156012,14.972624,-43.220932,-6.156012,14.769139,-43.243282,-5.651356,14.772652,-43.275261,-5.57355,14.777089,-43.279758,-5.515738,14.793078,-43.281708,-5.471836,14.826721,-43.280827,-5.448364,14.87754,-43.276749,-5.441844,14.936897,-43.270641,-5.449233,14.995296,-43.263752,-5.47401,15.041016,-43.257141,-5.522258,15.073584,-43.250458,-5.57355,15.087081,-43.245693],
  "indices" : [0,1,2,3,2,1,1,4,3,5,3,4,6,7,8,9,8,7,9,7,10,7,11,10,12,10,11,11,13,12,14,12,15,13,15,12,16,17,18,15,18,14,17,14,18,16,19,17,19,20,17,21,17,20,20,22,21,23,21,22,22,24,23,24,25,23,26,23,25,26,25,27,4,27,5,25,5,27,6,28,7,29,7,28,8,30,6,28,6,30,9,31,8,30,8,31,10,32,9,31,9,32,12,33,10,32,10,33,14,34,12,33,12,34,17,35,14,34,14,35,21,36,17,35,17,36,23,37,21,36,21,37,26,38,23,37,23,38,27,39,26,38,26,39,4,40,27,39,27,40,1,41,4,40,4,41,0,42,1,41,1,42,43,0,2,42,0,43,3,44,2,43,2,44,5,45,3,44,3,45,25,46,5,45,5,46,24,47,25,46,25,47,22,48,24,47,24,48,20,49,22,48,22,49,19,50,20,49,20,50,16,51,19,50,19,51,18,52,16,51,16,52,15,53,18,52,18,53,13,54,15,53,15,54,11,55,13,54,13,55,7,29,11,55,11,29],
  "Ni" : 1.00000,
  "Ka" : [0.00000,0.00000,0.00000],
  "d" : 1.00000,
  "Kd" : [0.64000,0.64000,0.64000],
  "illum" : 2,
  "Ks" : [0.50000,0.50000,0.50000],
  "Ns" : 96.07843
}