{
  "alias" : "Mesh.083_SKYLINE_GTR_BODY_headlight-_Group02_Entity12_a6-wheel-discs_2",
  "vertices" : [9.781815,10.555204,39.691479,9.603191,10.7585,39.691479,9.603191,10.758501,37.951385,9.781815,10.555205,37.951385,9.458315,10.983997,39.691479,9.458315,10.983998,37.951385,9.350604,11.228625,39.691479,9.350604,11.228626,37.951385,9.283474,11.489329,39.691479,9.283474,11.48933,37.951385,9.260337,11.76303,39.691479,9.260337,11.763031,37.951385,9.290279,12.073971,39.691483,9.290279,12.073972,37.951389,9.376738,12.367468,39.691483,9.376738,12.367469,37.951389,9.514653,12.638988,39.691483,9.514653,12.638989,37.951389,9.698977,12.883995,39.691483,9.698977,12.883996,37.951389,9.924647,13.097947,39.691483,9.924647,13.097948,37.951389,12.240045,13.324231,39.691483,12.578362,13.107955,39.691483,12.578362,13.107956,37.951389,12.240045,13.324232,37.951389,12.859215,12.834561,39.691483,12.859215,12.834562,37.951389,13.072425,12.513186,39.691483,13.072425,12.513187,37.951389,13.207818,12.152966,39.691483,13.207818,12.152966,37.951389,13.255209,11.76303,39.691479,13.255209,11.763031,37.951385,13.234421,11.503469,39.691479,13.234421,11.503469,37.951385,13.173998,11.25543,39.691479,13.173998,11.255431,37.951385,13.076841,11.021519,39.691479,13.076841,11.02152,37.951385,12.945851,10.804339,39.691479,12.945851,10.80434,37.951385,12.783935,10.606502,39.691479,12.783935,10.606503,37.951385],
  "indices" : [0,1,2,3,0,2,1,4,5,5,2,1,4,6,7,7,5,4,6,8,9,9,7,6,8,10,11,11,9,8,10,12,13,13,11,10,12,14,15,15,13,12,14,16,17,17,15,14,16,18,19,19,17,16,18,20,21,21,19,18,22,23,24,24,25,22,23,26,27,27,24,23,26,28,29,29,27,26,28,30,31,31,29,28,30,32,33,33,31,30,32,34,35,35,33,32,34,36,37,37,35,34,36,38,39,39,37,36,38,40,41,41,39,38,40,42,43,43,41,40,22,25,21,21,20,22,0,3,43,42,0,43],
  "Ni" : 1.00000,
  "Ka" : [0.00000,0.00000,0.00000],
  "d" : 1.00000,
  "Kd" : [0.64000,0.64000,0.64000],
  "illum" : 2,
  "Ks" : [0.50000,0.50000,0.50000],
  "Ns" : 96.07843
}