{
  "alias" : "Mesh.075_SKYLINE_GTR_INTERIOR_A-pillar_Entity167_Carmat_Gloss_2",
  "vertices" : [-15.252164,17.209858,15.533922,-14.666606,17.201973,15.218225,-13.930951,19.022535,12.52325,-14.508723,19.064369,12.777641,-12.878891,22.328533,7.547698,-12.296173,22.278809,7.327372,-11.339029,23.710297,4.793736,-11.911184,23.744785,5.044102,-14.372817,20.407047,9.23273,-13.581266,21.90089,6.829511,-13.101202,22.043024,6.079832,-13.941561,20.50544,8.572021,-13.734201,20.759842,10.134192,-13.149994,20.715384,9.899079,-15.129331,18.798693,11.558161,-14.717784,18.880711,11.006666,-15.863854,17.082747,13.885091,-15.443827,17.150982,13.467942,-12.182761,23.511326,3.445935,-12.74163,23.27331,4.269202,-12.429406,23.700876,3.125712,-12.28699,23.904718,2.306184,-11.909134,23.952826,2.330207,-10.935875,23.973518,4.382503,-11.663518,23.976603,4.557648,-10.418819,24.21216,4.143862,-11.036166,24.222069,4.2009,-15.350741,16.923653,16.056042,-14.654704,16.923653,15.72791,-15.440231,16.824219,13.659685,-15.967232,16.824219,14.156856,-14.903288,16.824219,13.659685,-14.863515,17.152351,13.470761,-14.137648,18.8825,11.004799,-13.372005,20.503273,8.568669,-12.487044,22.0445,6.082822,-11.452932,23.516123,3.447824,-11.06514,24.33148,2.354051],
  "indices" : [0,1,2,3,0,2,4,5,6,6,7,4,8,9,10,10,11,8,12,3,2,2,13,12,12,13,5,5,4,12,14,8,11,11,15,14,16,14,15,15,17,16,18,10,9,9,19,18,20,21,22,22,18,19,19,20,22,23,24,7,7,6,23,25,26,24,24,23,25,1,0,27,27,28,1,29,30,16,16,17,29,31,29,17,17,32,31,32,1,28,28,31,32,32,17,15,15,33,32,33,2,1,1,32,33,33,15,11,11,34,33,13,2,33,33,34,13,34,11,10,10,35,34,35,5,13,13,34,35,35,10,18,18,36,35,6,5,35,35,36,6,23,6,36,36,18,22,22,37,36,37,25,23,23,36,37],
  "Ni" : 1.00000,
  "Ka" : [0.00000,0.00000,0.00000],
  "d" : 1.00000,
  "Kd" : [0.64000,0.64000,0.64000],
  "illum" : 2,
  "Ks" : [0.50000,0.50000,0.50000],
  "Ns" : 96.07843
}