{
  "alias" : "Mesh.082_SKYLINE_GTR_BOTTOM_bottom-pla_Entity137_a6-wheel-discs_2",
  "vertices" : [4.297399,2.416254,-36.027443,4.297399,2.416253,-33.24329,4.098531,2.416254,-36.027443,4.098531,2.416253,-33.24329,4.297399,4.007198,-42.192345,4.098531,4.007198,-42.192345,4.297399,4.703235,-42.590076,4.098531,4.703235,-42.590076,4.297399,4.703235,-41.416759,4.297399,3.5498,-36.027443,4.297399,2.99297,-33.24329,4.098531,2.99297,-33.24329,4.098531,3.5498,-36.027443,4.098531,4.703235,-41.416759],
  "indices" : [0,1,2,3,2,1,4,0,5,5,0,2,6,4,7,5,7,4,4,6,8,0,9,1,10,1,9,8,0,4,9,0,8,3,11,2,12,2,11,2,12,5,13,5,12,5,13,7,7,13,6,8,6,13],
  "Ni" : 1.00000,
  "Ka" : [0.00000,0.00000,0.00000],
  "d" : 1.00000,
  "Kd" : [0.64000,0.64000,0.64000],
  "illum" : 2,
  "Ks" : [0.50000,0.50000,0.50000],
  "Ns" : 96.07843
}