{
  "alias" : "Mesh.078_SKYLINE_GTR_BLK-PARTS_door-glass_Group13_Entity82_inner",
  "vertices" : [-16.143269,16.721596,7.943162,-16.095207,16.780622,9.954563,-16.055033,16.969757,7.929373,-16.006971,17.028778,9.940776,-16.174183,16.722782,5.735093,-16.085949,16.97094,5.721304,-16.200504,16.828543,2.04088,-16.112173,17.075787,2.051188,-16.207798,17.001253,-1.752572,-16.119644,17.246979,-1.71811,-16.191484,17.211628,-5.613554,-16.103851,17.455898,-5.55788,-16.122383,17.470543,-10.317122,-16.036104,17.714483,-10.246926,-15.916431,17.079559,7.923275,-15.868373,17.138582,9.934676,-15.94735,17.080744,5.715206,-15.973509,17.185165,2.055747,-15.981025,17.355659,-1.702864,-15.965443,17.563919,-5.533245,-15.898374,17.82242,-10.215864,-15.654052,17.079559,7.923275,-15.605991,17.138582,9.934676,-15.684967,17.080744,5.715206,-15.711127,17.185165,2.055747,-15.718639,17.355659,-1.702864,-15.703057,17.563919,-5.533245,-15.635989,17.82242,-10.215864,-15.654052,16.721596,7.943162,-15.605991,16.780622,9.954563,-15.684967,16.722782,5.735093,-15.711127,16.828226,2.059844,-15.718639,17.001049,-1.734923,-15.703057,17.211996,-5.606956,-15.635989,17.472414,-10.319274],
  "indices" : [0,1,2,3,2,1,4,0,5,5,0,2,6,4,7,5,7,4,8,6,9,7,9,6,10,8,11,9,11,8,12,10,13,11,13,10,2,3,14,15,14,3,5,2,16,14,16,2,7,5,17,16,17,5,9,7,18,17,18,7,11,9,19,18,19,9,13,11,20,19,20,11,14,15,21,22,21,15,16,14,23,21,23,14,17,16,24,23,24,16,18,17,25,24,25,17,19,18,26,25,26,18,20,19,27,26,27,19,21,22,28,29,28,22,23,21,30,28,30,21,24,23,31,30,31,23,25,24,32,31,32,24,26,25,33,32,33,25,27,26,34,33,34,26],
  "Ni" : 1.00000,
  "Ka" : [0.00000,0.00000,0.00000],
  "d" : 1.00000,
  "Kd" : [0.06971,0.06971,0.06971],
  "illum" : 2,
  "Ks" : [0.50000,0.50000,0.50000],
  "Ns" : 96.07843
}