{
  "alias" : "Mesh.095_SKYLINE_GTR_BLK-PARTS_door-glass_Group12_Entity79_inner",
  "vertices" : [10.598212,24.138765,-7.229335,10.787136,24.138765,-7.229335,11.821844,22.598475,-7.62454,11.632919,22.598475,-7.62454,10.782746,24.142555,-8.235661,11.807021,22.628738,-8.730709,10.593822,24.142555,-8.235661,11.618096,22.628738,-8.730709,12.780643,21.009302,-8.019747,12.591719,21.009302,-8.019747,12.758356,21.063076,-9.225761,12.569432,21.063076,-9.225761,13.674622,19.385689,-8.414948,13.485698,19.385689,-8.414948,13.64873,19.457121,-9.72081,13.459806,19.457121,-9.72081,14.514871,17.742073,-8.810155,14.325947,17.742073,-8.810155,14.490119,17.82242,-10.215863,14.301196,17.82242,-10.215863],
  "indices" : [0,1,2,3,0,2,1,4,5,5,2,1,4,6,7,7,5,4,6,0,3,3,7,6,3,2,8,8,9,3,2,5,10,10,8,2,5,7,11,11,10,5,7,3,9,9,11,7,9,8,12,12,13,9,8,10,14,14,12,8,10,11,15,15,14,10,11,9,13,13,15,11,13,12,16,16,17,13,12,14,18,18,16,12,14,15,19,19,18,14,15,13,17,17,19,15],
  "Ni" : 1.00000,
  "Ka" : [0.00000,0.00000,0.00000],
  "d" : 1.00000,
  "Kd" : [0.06971,0.06971,0.06971],
  "illum" : 2,
  "Ks" : [0.50000,0.50000,0.50000],
  "Ns" : 96.07843
}