{
  "alias" : "Mesh.062_SKYLINE_GTR_BODY_headlight-_Group04_Entity18_a6-wheel-discs_1",
  "vertices" : [13.820136,13.340171,38.846745,13.509514,13.500961,38.868511,13.034696,13.296819,39.275715,12.594722,13.272262,39.376835,14.088222,13.117643,38.851295,13.477698,13.183806,39.212273,14.303628,12.841571,38.882057,13.870962,12.943472,39.194962,14.456212,12.52015,38.938908,14.161715,12.586058,39.232235,14.535831,12.161584,39.021744,14.29719,12.121809,39.332546,14.535077,11.809723,39.119938,14.296567,11.741381,39.438667,14.46152,11.476693,39.228481,14.232374,11.409456,39.544903,14.32234,11.17139,39.343365,14.10647,11.121527,39.652096,14.124727,10.902704,39.460567,13.920722,10.87309,39.76112,13.875858,10.679523,39.576077,13.676991,10.659636,39.872818],
  "indices" : [0,1,2,3,2,1,4,0,5,5,0,2,6,4,7,5,7,4,8,6,9,7,9,6,10,8,11,9,11,8,12,10,13,11,13,10,14,12,15,13,15,12,16,14,17,15,17,14,18,16,19,17,19,16,20,18,21,19,21,18],
  "Ni" : 1.00000,
  "Ka" : [0.00000,0.00000,0.00000],
  "d" : 1.00000,
  "Kd" : [0.64000,0.64000,0.64000],
  "illum" : 2,
  "Ks" : [0.50000,0.50000,0.50000],
  "Ns" : 96.07843
}