{
  "alias" : "Mesh.105_SKYLINE_GTR_BODY_door-glas0_Entity63_Danel_4",
  "vertices" : [12.568329,20.97559,-9.236618,12.549526,21.000999,-9.977357,11.38294,23.152882,-8.555297,11.373183,23.15868,-9.235866,13.753717,18.798298,-9.91794,13.72935,18.835197,-10.718859,14.047078,18.106918,-15.939919,13.759493,18.643864,-15.414945,14.187916,17.971029,-13.50597,13.886912,18.524544,-13.120236,10.840871,24.125929,-9.216726,11.045776,23.749128,-9.479313,10.848792,24.078373,-10.101601,11.068377,23.668388,-10.502443,10.850094,23.97352,-10.96015,11.091122,23.513086,-11.557675,11.131243,23.366974,-12.149958,10.848989,23.837967,-11.811971,11.228606,23.159832,-12.731186,10.96868,23.560589,-12.722398,11.372794,22.883926,-13.297905,11.217038,23.091167,-13.747971,11.23667,23.408564,-9.152269,11.06714,23.714111,-9.287529,11.150215,23.565552,-9.162805,10.844128,24.142557,-8.245605,13.943034,18.437885,-11.387716,14.265806,17.850105,-11.065077,13.859688,18.595051,-10.886566,13.926373,18.470984,-11.105087,14.292531,17.808619,-10.227632,13.843053,18.256075,-18.37991,13.57759,18.763187,-17.721813,12.326063,21.087475,-16.007946,13.086024,19.599781,-17.916084,12.300754,21.068247,-16.712753,12.972775,19.713659,-18.515369,13.224639,19.34169,-18.099506,13.338654,19.142426,-18.115555,13.201608,19.258307,-19.066555,13.494511,18.759575,-19.202015,13.757181,18.357744,-18.832077,13.441895,18.972677,-18.061401,13.528347,18.83404,-17.944099,11.472102,22.641106,-14.45869],
  "indices" : [0,1,2,3,2,1,5,0,4,1,0,5,6,7,8,9,8,7,10,11,12,13,12,11,12,13,14,15,14,13,15,16,14,17,14,16,16,18,17,19,17,18,18,20,19,21,19,20,3,22,2,11,10,23,22,24,2,25,2,24,10,25,23,24,23,25,9,26,8,27,8,26,28,27,29,26,29,27,27,28,30,4,30,5,28,5,30,6,31,7,32,7,31,33,34,35,36,35,34,34,37,36,37,38,36,39,36,38,39,38,40,41,40,42,38,42,40,32,31,43,42,43,41,31,41,43,21,20,44,35,44,33,20,33,44],
  "Ni" : 1.00000,
  "Ka" : [0.00000,0.00000,0.00000],
  "d" : 1.00000,
  "Kd" : [0.64000,0.64000,0.64000],
  "illum" : 2,
  "Ks" : [0.50000,0.50000,0.50000],
  "Ns" : 96.07843
}