{
  "alias" : "Mesh.023_SKYLINE_GTR_INTERIOR_door0_Entity175_Carmat_Gloss_2",
  "vertices" : [-15.664919,16.76985,14.015748,-15.274611,16.769855,14.01575,-15.798047,16.85569,5.693169,-15.244917,16.845757,5.693223,-15.834466,17.213053,-3.596765,-15.229333,17.213066,-3.596871,-14.896495,16.50173,14.354773,-14.769776,15.801269,14.75583,-14.886407,16.588387,5.64033,-14.732269,15.886119,5.602614,-14.891694,16.943478,-3.590681,-14.74383,16.225517,-3.583388,-15.111944,13.475567,15.5719,-15.070758,13.755558,5.508459,-15.041263,13.996586,-3.58703,-15.534314,10.363851,15.590152,-15.542034,10.630404,5.324034,-15.526425,10.982386,-3.595391,-15.245782,6.185439,15.021898,-15.298675,6.422238,5.114954,-15.358004,6.540395,-3.732225,-14.949223,4.332602,14.502481,-15.021958,4.340048,5.0184,-15.097534,4.315645,-3.764406,-15.334888,18.208294,-21.462124,-15.730289,17.735548,-12.839447,-14.945704,18.208305,-21.462414,-15.16288,17.720825,-12.812686,-14.635234,17.936947,-21.34222,-14.839913,17.474298,-12.839447,-14.490851,17.190889,-20.987701,-14.688034,16.723345,-12.839447,-14.75741,15.306841,-20.256523,-14.936167,14.238721,-12.839448,-15.375352,11.122936,-12.839453,-15.254269,11.244715,-18.075455,-15.174931,6.582473,-15.667014,-15.181956,6.570146,-12.839454,-14.941892,4.345559,-15.126803,-14.893078,4.377392,-12.839454,-15.054016,13.022256,-19.026611],
  "indices" : [0,1,2,3,2,1,2,3,4,5,4,3,6,7,8,9,8,7,8,9,10,11,10,9,7,12,9,13,9,12,9,13,11,14,11,13,12,15,13,16,13,15,13,16,14,17,14,16,15,18,16,19,16,18,16,19,17,20,17,19,18,21,19,22,19,21,19,22,20,23,20,22,5,3,10,8,10,3,3,1,8,6,8,1,24,25,26,27,26,25,5,27,4,25,4,27,26,27,28,29,28,27,10,29,5,27,5,29,28,29,30,31,30,29,11,31,10,29,10,31,30,31,32,33,32,31,14,33,11,31,11,33,17,34,14,33,14,34,35,34,36,37,36,34,20,37,17,34,17,37,36,37,38,39,38,37,23,39,20,37,20,39,32,33,40,35,40,34,33,34,40],
  "Ni" : 1.00000,
  "Ka" : [0.00000,0.00000,0.00000],
  "d" : 1.00000,
  "Kd" : [0.64000,0.64000,0.64000],
  "illum" : 2,
  "Ks" : [0.50000,0.50000,0.50000],
  "Ns" : 96.07843
}