{
  "alias" : "Mesh.025_SKYLINE_GTR_BODY_headlight-_Group06_Entity22_a6-wheel-discs_2",
  "vertices" : [9.353994,10.819611,41.834538,9.225534,11.0259,41.156681,8.26675,10.812825,41.838585,8.369161,11.013701,41.172062,8.993155,11.379801,40.43922,8.579919,11.377222,40.440758,8.91447,12.096495,40.439514,9.062138,12.467925,41.141544,8.541067,12.045162,40.440907,8.298689,12.373571,41.150135,9.146969,12.705264,41.835312,8.164528,12.570211,41.83897,8.783857,11.723255,40.441208,8.428766,11.939368,40.441326,8.366317,11.800405,40.441559,8.368286,11.635636,40.441547,8.444615,11.484625,40.441261,9.125495,11.487154,40.438728,9.200016,11.6367,40.43845,9.195865,11.823545,40.438469,9.092651,11.993239,40.438854,8.078362,12.158459,41.140205,7.86906,12.29186,41.840069,8.002561,12.443938,41.839573,7.9418,11.871049,41.1241,7.704753,11.926241,41.840679,7.76835,12.117965,41.840443,7.945327,11.554687,41.126389,7.709931,11.492724,41.840656,7.682593,11.720673,41.840755,8.106907,11.237031,41.154476,7.910759,11.095407,41.839909,7.787971,11.282471,41.840363,8.072337,10.937028,41.839306,9.401658,12.257426,41.122574,9.615769,12.433594,41.833565,9.401178,12.59575,41.834362,9.610367,11.913534,41.094429,9.887328,11.987119,41.832558,9.781051,12.227736,41.832951,9.619959,11.557417,41.096031,9.89825,11.495526,41.832512,9.924907,11.720673,41.832409,9.474236,11.246511,41.132504,9.702186,11.102062,41.833241,9.822098,11.28756,41.832794,9.544239,10.944317,41.833828],
  "indices" : [0,1,2,3,2,1,1,4,3,5,3,4,6,7,8,9,8,7,7,10,9,11,9,10,8,12,6,5,4,12,12,8,13,12,13,14,12,14,15,12,15,16,12,16,5,12,4,17,12,17,18,12,18,19,12,19,20,12,20,6,8,9,13,21,13,9,22,21,23,11,23,9,21,9,23,13,21,14,24,14,21,25,24,26,22,26,21,24,21,26,14,24,15,27,15,24,28,27,29,25,29,24,27,24,29,15,27,16,30,16,27,31,30,32,28,32,27,30,27,32,16,30,5,3,5,30,2,3,33,31,33,30,3,30,33,20,34,6,7,6,34,35,36,34,7,34,10,36,10,34,19,37,20,34,20,37,38,39,37,34,37,35,39,35,37,18,40,19,37,19,40,41,42,40,37,40,38,42,38,40,17,43,18,40,18,43,44,45,43,40,43,41,45,41,43,4,1,17,43,17,1,0,46,1,43,1,44,46,44,1],
  "Ni" : 1.00000,
  "Ka" : [0.00000,0.00000,0.00000],
  "d" : 1.00000,
  "Kd" : [0.64000,0.64000,0.64000],
  "illum" : 2,
  "Ks" : [0.50000,0.50000,0.50000],
  "Ns" : 96.07843
}