{
  "alias" : "Mesh.122_SKYLINE_GTR_OTHERS_GT-R_mark_silver_Group010_Entity187_a6-halo_mirror",
  "vertices" : [0.036953,11.560022,44.448608,-0.209162,11.560022,44.448608,0.037403,11.49627,44.461555,-0.209242,11.49627,44.461555,-0.208824,11.241255,44.513321,-0.386137,11.241255,44.513321,-0.38654,11.495821,44.461643,-0.386191,11.560022,44.448608,-0.648902,11.560022,44.448608,-0.649304,11.495821,44.461643,0.036855,11.525634,44.278496,-0.209162,11.525634,44.278496,0.037289,11.461849,44.291443,-0.209162,11.461849,44.291443,-0.208728,11.206717,44.343239,-0.386191,11.206717,44.343239,-0.386625,11.461425,44.291531,-0.64913,11.461425,44.291531,-0.648696,11.525634,44.278496,-0.386191,11.525634,44.278496],
  "indices" : [0,1,2,3,2,1,4,3,5,6,5,3,7,6,1,3,1,6,7,8,6,9,6,8,0,10,1,11,1,10,12,0,2,10,0,12,3,13,2,12,2,13,4,14,3,13,3,14,5,15,4,14,4,15,6,16,5,15,5,16,9,17,6,16,6,17,8,18,9,17,9,18,7,19,8,18,8,19,1,11,7,19,7,11],
  "Ni" : 1.00000,
  "Ka" : [0.00000,0.00000,0.00000],
  "d" : 1.00000,
  "Kd" : [0.64000,0.64000,0.64000],
  "illum" : 2,
  "Ks" : [0.50000,0.50000,0.50000],
  "Ns" : 96.07843
}