{
  "alias" : "Mesh.116_SKYLINE_GTR_BODY_headlight-_Group05_Entity21_a6-wheel-discs_1",
  "vertices" : [-14.858107,13.500961,38.868507,-15.168728,13.340171,38.846741,-14.383287,13.296819,39.275715,-13.943314,13.272262,39.376835,-15.436813,13.117643,38.851295,-14.82629,13.183806,39.212269,-15.65222,12.841571,38.882053,-15.219554,12.943472,39.194958,-15.804804,12.52015,38.938904,-15.510306,12.586058,39.232231,-15.884423,12.161584,39.021744,-15.645782,12.121809,39.332546,-15.88367,11.809723,39.119934,-15.645159,11.741381,39.438663,-15.810112,11.476693,39.228477,-15.580966,11.409456,39.544899,-15.670932,11.17139,39.343361,-15.455062,11.121527,39.652092,-15.473319,10.902704,39.460564,-15.269314,10.87309,39.761116,-15.224451,10.679523,39.576073,-15.025582,10.659636,39.872814],
  "indices" : [0,1,2,3,0,2,1,4,5,5,2,1,4,6,7,7,5,4,6,8,9,9,7,6,8,10,11,11,9,8,10,12,13,13,11,10,12,14,15,15,13,12,14,16,17,17,15,14,16,18,19,19,17,16,18,20,21,21,19,18],
  "Ni" : 1.00000,
  "Ka" : [0.00000,0.00000,0.00000],
  "d" : 1.00000,
  "Kd" : [0.64000,0.64000,0.64000],
  "illum" : 2,
  "Ks" : [0.50000,0.50000,0.50000],
  "Ns" : 96.07843
}