{
  "alias" : "Mesh.141_SKYLINE_GTR_BODY_headlight-_Group03_Entity14_a6-wheel-discs_2",
  "vertices" : [-9.235126,10.707949,41.829308,-9.484563,10.540725,41.829308,-9.235126,10.57431,37.951385,-9.484563,10.391574,37.951385,-9.027815,10.921187,41.829308,-9.027815,10.824538,37.951385,-8.870274,11.173043,41.829308,-8.870274,11.120543,37.951385,-8.770146,11.456124,41.829308,-8.770146,11.440615,37.951382,-8.735071,11.763029,41.829308,-8.735071,11.76303,37.951385,-8.763504,12.039801,41.829311,-8.763504,12.039802,37.951389,-8.845099,12.297935,41.829311,-8.845099,12.297935,37.951389,-8.974314,12.532063,41.829311,-8.974314,12.532064,37.951385,-9.145598,12.736819,41.829311,-9.145598,12.73682,37.951385,-9.353409,12.90683,41.829311,-9.353409,12.906831,37.951389,-10.940067,12.941216,41.829311,-10.613908,13.088663,41.829311,-11.220629,12.899585,37.951385,-11.011643,13.138381,37.951389,-11.215394,12.722891,41.829311,-11.387842,12.646476,37.951389,-11.427454,12.44573,41.829311,-11.510601,12.370259,37.951385,-11.563811,12.121766,41.829311,-11.586225,12.06214,37.951385,-11.612026,11.763029,41.829308,-11.612026,11.713313,37.951385,-11.577824,11.459897,41.829308,-11.594631,11.410332,37.951385,-11.480119,11.179896,41.829308,-11.544463,11.126654,37.951385,-11.326265,10.930147,41.829308,-11.464545,10.863207,37.951382,-11.123616,10.71776,41.829308,-11.357899,10.620916,37.951385,-10.879527,10.549858,41.829308,-11.227547,10.400708,37.951385],
  "indices" : [0,1,2,3,2,1,4,0,5,5,0,2,6,4,7,5,7,4,8,6,9,7,9,6,10,8,11,9,11,8,12,10,13,11,13,10,14,12,15,13,15,12,16,14,17,15,17,14,18,16,19,17,19,16,20,18,21,19,21,18,22,23,24,25,24,23,26,22,27,24,27,22,28,26,29,27,29,26,30,28,31,29,31,28,32,30,33,31,33,30,34,32,35,33,35,32,36,34,37,35,37,34,38,36,39,37,39,36,40,38,41,39,41,38,42,40,43,41,43,40,42,43,1,3,1,43,20,21,23,25,23,21],
  "Ni" : 1.00000,
  "Ka" : [0.00000,0.00000,0.00000],
  "d" : 1.00000,
  "Kd" : [0.64000,0.64000,0.64000],
  "illum" : 2,
  "Ks" : [0.50000,0.50000,0.50000],
  "Ns" : 96.07843
}