{
  "alias" : "Mesh.147_SKYLINE_GTR_INTERIOR_door0_Entity174_Carmat_Gloss_2",
  "vertices" : [13.92602,16.769855,14.01575,14.316327,16.76985,14.015748,14.449455,16.85569,5.693169,13.896325,16.845757,5.693223,14.485874,17.213053,-3.596765,13.880741,17.213066,-3.596871,13.421185,15.801269,14.75583,13.547903,16.50173,14.354773,13.537815,16.588387,5.64033,13.383677,15.886119,5.602614,13.543102,16.943478,-3.590681,13.395238,16.225517,-3.583389,13.763352,13.475567,15.5719,13.722166,13.755558,5.508459,13.692671,13.996586,-3.58703,14.185722,10.363851,15.590152,14.193442,10.630404,5.324034,14.177834,10.982386,-3.595392,13.89719,6.185439,15.021898,13.950083,6.422238,5.114954,14.009412,6.540395,-3.732226,13.600631,4.332602,14.502481,13.673367,4.340048,5.0184,13.748941,4.315645,-3.764406,14.381697,17.735548,-12.839447,13.986296,18.208294,-21.462124,13.597111,18.208305,-21.462414,13.814288,17.720825,-12.812686,13.286642,17.936947,-21.34222,13.491322,17.474298,-12.839447,13.14226,17.190889,-20.987701,13.339442,16.723345,-12.839447,13.408817,15.306841,-20.256523,13.587575,14.238721,-12.839448,14.02676,11.122936,-12.839453,13.905677,11.244715,-18.075455,13.826338,6.582473,-15.667014,13.833364,6.570146,-12.839454,13.593299,4.345559,-15.126803,13.544486,4.377392,-12.839454,13.705424,13.022256,-19.026611],
  "indices" : [0,1,2,3,0,2,3,2,4,4,5,3,6,7,8,8,9,6,9,8,10,10,11,9,12,6,9,9,13,12,13,9,11,11,14,13,15,12,13,13,16,15,16,13,14,14,17,16,18,15,16,16,19,18,19,16,17,17,20,19,21,18,19,19,22,21,22,19,20,20,23,22,3,5,10,10,8,3,0,3,8,7,0,8,24,25,26,26,27,24,27,5,4,4,24,27,27,26,28,28,29,27,29,10,5,5,27,29,29,28,30,30,31,29,31,11,10,10,29,31,31,30,32,32,33,31,33,14,11,11,31,33,34,17,14,14,33,34,34,35,36,36,37,34,37,20,17,17,34,37,37,36,38,38,39,37,39,23,20,20,37,39,33,32,40,40,35,34,34,33,40],
  "Ni" : 1.00000,
  "Ka" : [0.00000,0.00000,0.00000],
  "d" : 1.00000,
  "Kd" : [0.64000,0.64000,0.64000],
  "illum" : 2,
  "Ks" : [0.50000,0.50000,0.50000],
  "Ns" : 96.07843
}