{
  "alias" : "Mesh.045_SKYLINE_GTR_BODY_door-knob_Entity31_handles",
  "vertices" : [-17.362404,15.599375,-5.004036,-17.43996,15.492356,-5.014664,-17.42659,15.483223,-4.781742,-17.372799,15.558868,-4.774119,-17.461315,15.409167,-5.006376,-17.447964,15.399987,-4.774983,-17.339581,15.688307,-5.596046,-17.465599,15.522161,-5.611971,-17.48711,15.438363,-5.602746,-17.643341,14.829634,-5.535687,-17.616409,14.804845,-4.946138,-17.32077,15.761581,-6.216615,-17.479443,15.561444,-6.235094,-17.501377,15.475987,-6.227884,-17.660698,14.855208,-6.175492,-17.306164,15.818508,-6.853521,-17.479576,15.608974,-6.872116,-17.502197,15.520829,-6.868553,-17.666527,14.880543,-6.842655,-17.295296,15.860848,-7.546334,-17.46209,15.668204,-7.562672,-17.485748,15.57603,-7.563352,-17.657593,14.906463,-7.568232,-17.289768,15.88239,-8.22853,-17.423939,15.734079,-8.240517,-17.448925,15.636731,-8.244101,-17.630413,14.929588,-8.27009,-17.289803,15.882244,-8.884647,-17.362705,15.805031,-8.89058,-17.389301,15.701397,-8.894062,-17.415157,15.477635,-4.608213,-17.460949,15.258206,-4.472137,-17.510708,15.155498,-4.75514,-17.603165,14.795221,-4.725893,-17.581963,14.834806,-4.59338,-17.537838,14.968177,-4.492607,-17.497261,15.112356,-4.453751,-17.324821,15.7906,-9.294749,-17.346512,15.737719,-9.228137,-17.318932,15.845133,-9.226583,-17.332081,15.748548,-9.323764,-17.36198,15.630986,-9.327677,-17.480545,15.345891,-8.905976,-17.441284,15.332498,-9.309819,-17.527603,15.025497,-9.252339,-17.554279,14.955234,-9.177797,-17.582508,14.948606,-8.91929,-17.290806,15.878348,-9.056263,-17.423077,14.755002,-4.94639,-17.449444,14.780249,-5.535037,-17.409149,14.74527,-4.725645,-17.390568,14.785667,-4.592405,-17.344898,14.915613,-4.49297,-17.302483,15.064873,-4.453197,-17.269753,15.208404,-4.471094,-17.221592,15.428046,-4.608315,-17.180084,15.509782,-4.773371,-17.169701,15.550236,-5.00406,-17.146961,15.638844,-5.596687,-17.128174,15.712038,-6.217154,-17.113342,15.769829,-6.853531,-17.467617,14.805443,-6.175395,-17.47324,14.831523,-6.843588,-17.466816,14.856565,-7.567464,-17.436283,14.879527,-8.269468,-17.101974,15.814131,-7.545591,-17.097031,15.833395,-8.227704,-17.097527,15.831468,-8.883973,-17.390343,14.898535,-8.91977,-17.098019,15.829542,-9.056987,-17.127663,15.794033,-9.226024,-17.132812,15.741974,-9.295628,-17.139835,15.698609,-9.323467,-17.170486,15.579183,-9.327449,-17.250473,15.283526,-9.309547,-17.333424,14.976317,-9.251873,-17.359917,14.905095,-9.180284],
  "indices" : [0,1,2,3,0,2,1,4,5,5,2,1,6,7,1,1,0,6,7,8,4,4,1,7,8,9,10,10,4,8,11,12,7,7,6,11,12,13,8,8,7,12,13,14,9,9,8,13,15,16,12,12,11,15,16,17,13,13,12,16,17,18,14,14,13,17,19,20,16,16,15,19,20,21,17,17,16,20,21,22,18,18,17,21,23,24,20,20,19,23,24,25,21,21,20,24,25,26,22,22,21,25,27,28,24,24,23,27,28,29,25,25,24,28,3,2,30,30,2,5,31,30,5,5,32,31,32,33,34,34,35,32,35,36,31,31,32,35,10,33,32,32,5,4,4,10,32,37,38,39,40,38,37,41,38,40,42,43,44,44,45,46,46,42,44,28,27,47,47,39,28,39,38,29,29,28,39,29,38,41,41,43,42,42,29,41,42,46,26,26,25,29,29,42,26,48,10,9,9,49,48,50,33,10,10,48,50,51,34,33,33,50,51,52,35,34,34,51,52,53,36,35,35,52,53,54,31,36,36,53,54,55,30,31,31,54,55,56,3,30,30,55,56,57,0,3,3,56,57,6,0,58,0,57,58,59,11,6,6,58,59,60,15,11,11,59,60,49,9,14,14,61,49,61,14,18,18,62,61,62,18,22,22,63,62,63,22,26,26,64,63,65,19,15,15,60,65,66,23,19,19,65,66,67,27,23,23,66,67,64,26,46,46,68,64,69,47,27,27,67,69,70,39,47,47,69,70,71,37,39,39,70,71,72,40,37,37,71,72,73,41,40,40,72,73,74,43,41,41,73,74,75,44,43,43,74,75,76,45,44,44,75,76,68,46,45,45,76,68],
  "Ni" : 1.00000,
  "Ka" : [0.00000,0.00000,0.00000],
  "d" : 1.00000,
  "Kd" : [0.00441,0.00000,0.12594],
  "illum" : 2,
  "Ks" : [0.50000,0.50000,0.50000],
  "Ns" : 96.07843
}