{
  "alias" : "Mesh.172_SKYLINE_GTR_INTERIOR_seat_Group20_Entity185_Carmat_Gloss_2",
  "vertices" : [4.068761,6.614212,-2.347831,5.805638,6.543263,-2.50746,5.808171,7.845951,-3.023972,4.083839,7.916021,-2.73809,7.561986,6.543264,-2.50746,7.559453,7.845952,-3.023977,9.298862,6.614212,-2.347831,9.283785,7.916021,-2.73809,5.818582,9.056974,-3.507678,4.133845,9.139997,-3.128436,7.549043,9.056976,-3.507683,9.233778,9.139997,-3.128436,5.841083,10.226329,-3.92499,4.225944,10.315324,-3.515615,7.52654,10.22633,-3.924995,9.141678,10.315324,-3.515615,5.871764,11.168406,-4.197015,4.319308,11.211897,-3.797716,7.49586,11.168406,-4.197015,9.048316,11.211897,-3.797716,5.903842,12.275351,-4.460267,4.396662,12.285048,-4.106738,7.463782,12.275352,-4.460277,8.970963,12.285048,-4.106738,5.911725,13.550287,-4.711599,4.402098,13.603594,-4.462845,7.455898,13.55029,-4.711604,8.965527,13.603594,-4.462845,5.91077,14.686439,-4.89042,4.383046,14.728119,-4.722305,7.456856,14.68644,-4.890425,8.984577,14.728119,-4.722305,5.926353,15.624787,-4.993491,4.41463,15.696569,-4.880016,7.441271,15.624788,-4.993495,8.952991,15.696569,-4.880016,5.954253,16.478645,-5.043241,4.506883,16.567272,-4.972341,7.413371,16.478647,-5.043241,8.860742,16.567272,-4.972341,6.021545,17.119204,-5.019072,4.714657,17.178308,-4.979648,7.346079,17.119205,-5.019072,8.652967,17.178308,-4.979648,6.121921,17.658091,-5.013921,5.005653,17.677795,-5.002084,7.245703,17.658091,-5.013921,8.36197,17.677795,-5.002084,6.173561,17.880215,-5.195247,5.153056,17.880215,-5.195252,7.194064,17.880215,-5.195252,8.214567,17.880215,-5.195252],
  "indices" : [0,1,2,3,0,2,1,4,5,5,2,1,4,6,7,7,5,4,3,2,8,8,9,3,2,5,10,10,8,2,5,7,11,11,10,5,9,8,12,12,13,9,8,10,14,14,12,8,10,11,15,15,14,10,13,12,16,16,17,13,12,14,18,18,16,12,14,15,19,19,18,14,17,16,20,20,21,17,16,18,22,22,20,16,18,19,23,23,22,18,21,20,24,24,25,21,20,22,26,26,24,20,22,23,27,27,26,22,25,24,28,28,29,25,24,26,30,30,28,24,26,27,31,31,30,26,29,28,32,32,33,29,28,30,34,34,32,28,30,31,35,35,34,30,33,32,36,36,37,33,32,34,38,38,36,32,34,35,39,39,38,34,37,36,40,40,41,37,36,38,42,42,40,36,38,39,43,43,42,38,41,40,44,44,45,41,40,42,46,46,44,40,42,43,47,47,46,42,45,44,48,48,49,45,44,46,50,50,48,44,46,47,51,51,50,46],
  "Ni" : 1.00000,
  "Ka" : [0.00000,0.00000,0.00000],
  "d" : 1.00000,
  "Kd" : [0.64000,0.64000,0.64000],
  "illum" : 2,
  "Ks" : [0.50000,0.50000,0.50000],
  "Ns" : 96.07843
}